con_code,ts_code,list_status,list_date,delist_date,name,exchange,market,minute_bucket_id,minute_bucket_file
000009.SZ,000009.SZ,L,19910625,,中国宝安,SZSE,主板,1,bucket_01.parquet
000012.SZ,000012.SZ,L,19920228,,南玻A,SZSE,主板,2,bucket_02.parquet
000021.SZ,000021.SZ,L,19940202,,深科技,SZSE,主板,4,bucket_04.parquet
000027.SZ,000027.SZ,L,19930903,,深圳能源,SZSE,主板,5,bucket_05.parquet
000028.SZ,000028.SZ,L,19930809,,国药一致,SZSE,主板,5,bucket_05.parquet
000029.SZ,000029.SZ,L,19930915,,深深房A,SZSE,主板,5,bucket_05.parquet
000030.SZ,000030.SZ,L,19930929,,富奥股份,SZSE,主板,6,bucket_06.parquet
000032.SZ,000032.SZ,L,19931028,,深桑达A,SZSE,主板,6,bucket_06.parquet
000034.SZ,000034.SZ,L,19940509,,神州数码,SZSE,主板,6,bucket_06.parquet
000035.SZ,000035.SZ,L,19940408,,中国天楹,SZSE,主板,7,bucket_07.parquet
000039.SZ,000039.SZ,L,19940408,,中集集团,SZSE,主板,7,bucket_07.parquet
000048.SZ,000048.SZ,L,19941101,,京基智农,SZSE,主板,9,bucket_09.parquet
000049.SZ,000049.SZ,L,19950320,,德赛电池,SZSE,主板,9,bucket_09.parquet
000050.SZ,000050.SZ,L,19950315,,深天马A,SZSE,主板,10,bucket_10.parquet
000058.SZ,000058.SZ,L,19961226,,深赛格,SZSE,主板,11,bucket_11.parquet
000059.SZ,000059.SZ,L,19970130,,华锦股份,SZSE,主板,11,bucket_11.parquet
000060.SZ,000060.SZ,L,19970123,,中金岭南,SZSE,主板,12,bucket_12.parquet
000061.SZ,000061.SZ,L,19970110,,农产品,SZSE,主板,12,bucket_12.parquet
000062.SZ,000062.SZ,L,19970130,,深圳华强,SZSE,主板,12,bucket_12.parquet
000065.SZ,000065.SZ,L,19980605,,北方国际,SZSE,主板,13,bucket_13.parquet
000088.SZ,000088.SZ,L,19970728,,盐田港,SZSE,主板,17,bucket_17.parquet
000089.SZ,000089.SZ,L,19980420,,深圳机场,SZSE,主板,17,bucket_17.parquet
000099.SZ,000099.SZ,L,20000731,,中信海直,SZSE,主板,19,bucket_19.parquet
000155.SZ,000155.SZ,L,20000926,,川能动力,SZSE,主板,11,bucket_11.parquet
000156.SZ,000156.SZ,L,20000906,,华数传媒,SZSE,主板,11,bucket_11.parquet
000400.SZ,000400.SZ,L,19970418,,许继电气,SZSE,主板,0,bucket_00.parquet
000403.SZ,000403.SZ,L,19960628,,派林生物,SZSE,主板,0,bucket_00.parquet
000415.SZ,000415.SZ,L,19960716,,渤海租赁,SZSE,主板,3,bucket_03.parquet
000420.SZ,000420.SZ,L,19960802,,吉林化纤,SZSE,主板,4,bucket_04.parquet
000422.SZ,000422.SZ,L,19960815,,湖北宜化,SZSE,主板,4,bucket_04.parquet
000423.SZ,000423.SZ,L,19960729,,东阿阿胶,SZSE,主板,4,bucket_04.parquet
000426.SZ,000426.SZ,L,19960828,,兴业银锡,SZSE,主板,5,bucket_05.parquet
000429.SZ,000429.SZ,L,19980220,,粤高速A,SZSE,主板,5,bucket_05.parquet
000498.SZ,000498.SZ,L,19970609,,山东路桥,SZSE,主板,19,bucket_19.parquet
000503.SZ,000503.SZ,L,19921130,,国新健康,SZSE,主板,0,bucket_00.parquet
000513.SZ,000513.SZ,L,19931028,,丽珠集团,SZSE,主板,2,bucket_02.parquet
000519.SZ,000519.SZ,L,19931008,,中兵红箭,SZSE,主板,3,bucket_03.parquet
000528.SZ,000528.SZ,L,19931118,,柳工,SZSE,主板,5,bucket_05.parquet
000537.SZ,000537.SZ,L,19931210,,绿发电力,SZSE,主板,7,bucket_07.parquet
000539.SZ,000539.SZ,L,19931126,,粤电力A,SZSE,主板,7,bucket_07.parquet
000543.SZ,000543.SZ,L,19931220,,皖能电力,SZSE,主板,8,bucket_08.parquet
000550.SZ,000550.SZ,L,19931201,,江铃汽车,SZSE,主板,10,bucket_10.parquet
000552.SZ,000552.SZ,L,19940106,,甘肃能化,SZSE,主板,10,bucket_10.parquet
000555.SZ,000555.SZ,L,19940408,,神州信息,SZSE,主板,11,bucket_11.parquet
000557.SZ,000557.SZ,L,19940617,,西部创业,SZSE,主板,11,bucket_11.parquet
000559.SZ,000559.SZ,L,19940110,,万向钱潮,SZSE,主板,11,bucket_11.parquet
000563.SZ,000563.SZ,L,19940110,,陕国投A,SZSE,主板,12,bucket_12.parquet
000567.SZ,000567.SZ,L,19940525,,海德股份,SZSE,主板,13,bucket_13.parquet
000581.SZ,000581.SZ,L,19980924,,威孚高科,SZSE,主板,16,bucket_16.parquet
000582.SZ,000582.SZ,L,19951102,,北部湾港,SZSE,主板,16,bucket_16.parquet
000589.SZ,000589.SZ,L,19960308,,贵州轮胎,SZSE,主板,17,bucket_17.parquet
000591.SZ,000591.SZ,L,19960208,,太阳能,SZSE,主板,18,bucket_18.parquet
000598.SZ,000598.SZ,L,19960529,,兴蓉环境,SZSE,主板,19,bucket_19.parquet
000600.SZ,000600.SZ,L,19960606,,建投能源,SZSE,主板,0,bucket_00.parquet
000603.SZ,000603.SZ,L,19960823,,盛达资源,SZSE,主板,0,bucket_00.parquet
000612.SZ,000612.SZ,L,19960926,,焦作万方,SZSE,主板,2,bucket_02.parquet
000620.SZ,000620.SZ,L,19961029,,盈新发展,SZSE,主板,4,bucket_04.parquet
000623.SZ,000623.SZ,L,19961028,,吉林敖东,SZSE,主板,4,bucket_04.parquet
000628.SZ,000628.SZ,L,19961118,,高新发展,SZSE,主板,5,bucket_05.parquet
000629.SZ,000629.SZ,L,19961115,,钒钛股份,SZSE,主板,5,bucket_05.parquet
000636.SZ,000636.SZ,L,19961129,,风华高科,SZSE,主板,7,bucket_07.parquet
000650.SZ,000650.SZ,L,19961210,,仁和药业,SZSE,主板,10,bucket_10.parquet
000657.SZ,000657.SZ,L,19961205,,中钨高新,SZSE,主板,11,bucket_11.parquet
000672.SZ,000672.SZ,L,19961218,,上峰材料,SZSE,主板,14,bucket_14.parquet
000676.SZ,000676.SZ,L,19961224,,智度股份,SZSE,主板,15,bucket_15.parquet
000680.SZ,000680.SZ,L,19970122,,山推股份,SZSE,主板,16,bucket_16.parquet
000681.SZ,000681.SZ,L,19970121,,视觉中国,SZSE,主板,16,bucket_16.parquet
000682.SZ,000682.SZ,L,19970121,,东方电子,SZSE,主板,16,bucket_16.parquet
000683.SZ,000683.SZ,L,19970131,,博源化工,SZSE,主板,16,bucket_16.parquet
000685.SZ,000685.SZ,L,19970123,,中山公用,SZSE,主板,17,bucket_17.parquet
000686.SZ,000686.SZ,L,19970227,,东北证券,SZSE,主板,17,bucket_17.parquet
000688.SZ,000688.SZ,L,19970120,,国城矿业,SZSE,主板,17,bucket_17.parquet
000690.SZ,000690.SZ,L,19970128,,宝新能源,SZSE,主板,18,bucket_18.parquet
000703.SZ,000703.SZ,L,19970328,,恒逸石化,SZSE,主板,0,bucket_00.parquet
000709.SZ,000709.SZ,L,19970416,,河钢股份,SZSE,主板,1,bucket_01.parquet
000712.SZ,000712.SZ,L,19970415,,锦龙股份,SZSE,主板,2,bucket_02.parquet
000719.SZ,000719.SZ,L,19970331,,中原传媒,SZSE,主板,3,bucket_03.parquet
000723.SZ,000723.SZ,L,19970515,,美锦能源,SZSE,主板,4,bucket_04.parquet
000728.SZ,000728.SZ,L,19970616,,国元证券,SZSE,主板,5,bucket_05.parquet
000729.SZ,000729.SZ,L,19970716,,燕京啤酒,SZSE,主板,5,bucket_05.parquet
000733.SZ,000733.SZ,L,19970703,,振华科技,SZSE,主板,6,bucket_06.parquet
000737.SZ,000737.SZ,L,19970428,,北方铜业,SZSE,主板,7,bucket_07.parquet
000738.SZ,000738.SZ,L,19970626,,航发控制,SZSE,主板,7,bucket_07.parquet
000739.SZ,000739.SZ,L,19970509,,普洛药业,SZSE,主板,7,bucket_07.parquet
000750.SZ,000750.SZ,L,19970709,,国海证券,SZSE,主板,10,bucket_10.parquet
000756.SZ,000756.SZ,L,19970806,,新华制药,SZSE,主板,11,bucket_11.parquet
000758.SZ,000758.SZ,L,19970416,,中色股份,SZSE,主板,11,bucket_11.parquet
000761.SZ,000761.SZ,L,19980115,,本钢板材,SZSE,主板,12,bucket_12.parquet
000762.SZ,000762.SZ,L,19970708,,西藏矿业,SZSE,主板,12,bucket_12.parquet
000766.SZ,000766.SZ,L,19970430,,通化金马,SZSE,主板,13,bucket_13.parquet
000767.SZ,000767.SZ,L,19970609,,晋控电力,SZSE,主板,13,bucket_13.parquet
000778.SZ,000778.SZ,L,19970606,,新兴铸管,SZSE,主板,15,bucket_15.parquet
000783.SZ,000783.SZ,L,19970731,,长江证券,SZSE,主板,16,bucket_16.parquet
000785.SZ,000785.SZ,L,19970711,,居然智家,SZSE,主板,17,bucket_17.parquet
000791.SZ,000791.SZ,L,19971014,,甘肃能源,SZSE,主板,18,bucket_18.parquet
000795.SZ,000795.SZ,L,19970808,,英洛华,SZSE,主板,19,bucket_19.parquet
000801.SZ,000801.SZ,L,19980506,,四川九洲,SZSE,主板,0,bucket_00.parquet
000810.SZ,000810.SZ,L,19980602,,创维数字,SZSE,主板,2,bucket_02.parquet
000811.SZ,000811.SZ,L,19980528,,冰轮环境,SZSE,主板,2,bucket_02.parquet
000813.SZ,000813.SZ,L,19980519,,德展健康,SZSE,主板,2,bucket_02.parquet
000825.SZ,000825.SZ,L,19981021,,太钢不锈,SZSE,主板,5,bucket_05.parquet
000828.SZ,000828.SZ,L,19970617,,东莞控股,SZSE,主板,5,bucket_05.parquet
000829.SZ,000829.SZ,L,19971202,,天音控股,SZSE,主板,5,bucket_05.parquet
000830.SZ,000830.SZ,L,19980807,,鲁西化工,SZSE,主板,6,bucket_06.parquet
000831.SZ,000831.SZ,L,19980911,,中国稀土,SZSE,主板,6,bucket_06.parquet
000833.SZ,000833.SZ,L,19981111,,粤桂股份,SZSE,主板,6,bucket_06.parquet
000837.SZ,000837.SZ,L,19980928,,秦川机床,SZSE,主板,7,bucket_07.parquet
000848.SZ,000848.SZ,L,19971113,,承德露露,SZSE,主板,9,bucket_09.parquet
000860.SZ,000860.SZ,L,19981104,,顺鑫农业,SZSE,主板,12,bucket_12.parquet
000875.SZ,000875.SZ,L,20020926,,电投绿能,SZSE,主板,15,bucket_15.parquet
000878.SZ,000878.SZ,L,19980602,,云南铜业,SZSE,主板,15,bucket_15.parquet
000880.SZ,000880.SZ,L,19980402,,潍柴重机,SZSE,主板,16,bucket_16.parquet
000883.SZ,000883.SZ,L,19980519,,湖北能源,SZSE,主板,16,bucket_16.parquet
000885.SZ,000885.SZ,L,19990319,,城发环境,SZSE,主板,17,bucket_17.parquet
000887.SZ,000887.SZ,L,19981203,,中鼎股份,SZSE,主板,17,bucket_17.parquet
000893.SZ,000893.SZ,L,19981224,,亚钾国际,SZSE,主板,18,bucket_18.parquet
000898.SZ,000898.SZ,L,19971225,,鞍钢股份,SZSE,主板,19,bucket_19.parquet
000899.SZ,000899.SZ,L,19971126,,赣能股份,SZSE,主板,19,bucket_19.parquet
000901.SZ,000901.SZ,L,19990401,,航天科技,SZSE,主板,0,bucket_00.parquet
000902.SZ,000902.SZ,L,19990408,,新洋丰,SZSE,主板,0,bucket_00.parquet
000913.SZ,000913.SZ,L,19990514,,钱江摩托,SZSE,主板,2,bucket_02.parquet
000917.SZ,000917.SZ,L,19990325,,电广传媒,SZSE,主板,3,bucket_03.parquet
000921.SZ,000921.SZ,L,19990713,,海信家电,SZSE,主板,4,bucket_04.parquet
000923.SZ,000923.SZ,L,19990714,,河钢资源,SZSE,主板,4,bucket_04.parquet
000927.SZ,000927.SZ,L,19990727,,中国铁物,SZSE,主板,5,bucket_05.parquet
000928.SZ,000928.SZ,L,19990312,,中钢国际,SZSE,主板,5,bucket_05.parquet
000930.SZ,000930.SZ,L,19990712,,中粮科技,SZSE,主板,6,bucket_06.parquet
000932.SZ,000932.SZ,L,19990803,,华菱钢铁,SZSE,主板,6,bucket_06.parquet
000933.SZ,000933.SZ,L,19990831,,神火股份,SZSE,主板,6,bucket_06.parquet
000935.SZ,000935.SZ,L,19990824,,四川双马,SZSE,主板,7,bucket_07.parquet
000937.SZ,000937.SZ,L,19990909,,冀中能源,SZSE,主板,7,bucket_07.parquet
000950.SZ,000950.SZ,L,19990916,,重药控股,SZSE,主板,10,bucket_10.parquet
000951.SZ,000951.SZ,L,19991125,,中国重汽,SZSE,主板,10,bucket_10.parquet
000958.SZ,000958.SZ,L,19991223,,电投产融,SZSE,主板,11,bucket_11.parquet
000959.SZ,000959.SZ,L,19991216,,首钢股份,SZSE,主板,11,bucket_11.parquet
000960.SZ,000960.SZ,L,20000221,,锡业股份,SZSE,主板,12,bucket_12.parquet
000966.SZ,000966.SZ,L,20000316,,长源电力,SZSE,主板,13,bucket_13.parquet
000967.SZ,000967.SZ,L,20000330,,盈峰环境,SZSE,主板,13,bucket_13.parquet
000969.SZ,000969.SZ,L,20000529,,安泰科技,SZSE,主板,13,bucket_13.parquet
000970.SZ,000970.SZ,L,20000420,,中科三环,SZSE,主板,14,bucket_14.parquet
000987.SZ,000987.SZ,L,20000718,,越秀资本,SZSE,主板,17,bucket_17.parquet
000990.SZ,000990.SZ,L,20000706,,诚志股份,SZSE,主板,18,bucket_18.parquet
000997.SZ,000997.SZ,L,20000807,,新大陆,SZSE,主板,19,bucket_19.parquet
001203.SZ,001203.SZ,L,20210510,,大中矿业,SZSE,主板,0,bucket_00.parquet
001221.SZ,001221.SZ,L,20250730,,悍高集团,SZSE,主板,4,bucket_04.parquet
001286.SZ,001286.SZ,L,20230410,,陕西能源,SZSE,主板,17,bucket_17.parquet
001287.SZ,001287.SZ,L,20230410,,中电港,SZSE,主板,17,bucket_17.parquet
001309.SZ,001309.SZ,L,20220701,,德明利,SZSE,主板,1,bucket_01.parquet
001337.SZ,001337.SZ,L,20230303,,四川黄金,SZSE,主板,7,bucket_07.parquet
001356.SZ,001356.SZ,L,20250123,,富岭股份,SZSE,主板,11,bucket_11.parquet
001382.SZ,001382.SZ,L,20250321,,新亚电缆,SZSE,主板,16,bucket_16.parquet
001389.SZ,001389.SZ,L,20240402,,广合科技,SZSE,主板,17,bucket_17.parquet
001696.SZ,001696.SZ,L,19970306,,宗申动力,SZSE,主板,19,bucket_19.parquet
001914.SZ,001914.SZ,L,19940928,,招商积余,SZSE,主板,2,bucket_02.parquet
002003.SZ,002003.SZ,L,20040625,,伟星股份,SZSE,主板,0,bucket_00.parquet
002004.SZ,002004.SZ,L,20040625,,华邦健康,SZSE,主板,0,bucket_00.parquet
002006.SZ,002006.SZ,L,20040625,,精工科技,SZSE,主板,1,bucket_01.parquet
002007.SZ,002007.SZ,L,20040625,,华兰生物,SZSE,主板,1,bucket_01.parquet
002008.SZ,002008.SZ,L,20040625,,大族激光,SZSE,主板,1,bucket_01.parquet
002010.SZ,002010.SZ,L,20040629,,传化智联,SZSE,主板,2,bucket_02.parquet
002011.SZ,002011.SZ,L,20040705,,盾安环境,SZSE,主板,2,bucket_02.parquet
002015.SZ,002015.SZ,L,20040708,,协鑫能科,SZSE,主板,3,bucket_03.parquet
002017.SZ,002017.SZ,L,20040713,,东信和平,SZSE,主板,3,bucket_03.parquet
002019.SZ,002019.SZ,L,20040713,,亿帆医药,SZSE,主板,3,bucket_03.parquet
002020.SZ,002020.SZ,L,20040715,,京新药业,SZSE,主板,4,bucket_04.parquet
002023.SZ,002023.SZ,L,20040721,,海特高新,SZSE,主板,4,bucket_04.parquet
002025.SZ,002025.SZ,L,20040726,,航天电器,SZSE,主板,5,bucket_05.parquet
002032.SZ,002032.SZ,L,20040817,,苏泊尔,SZSE,主板,6,bucket_06.parquet
002036.SZ,002036.SZ,L,20040903,,联创电子,SZSE,主板,7,bucket_07.parquet
002038.SZ,002038.SZ,L,20040909,,双鹭药业,SZSE,主板,7,bucket_07.parquet
002041.SZ,002041.SZ,L,20050418,,登海种业,SZSE,主板,8,bucket_08.parquet
002043.SZ,002043.SZ,L,20050510,,兔宝宝,SZSE,主板,8,bucket_08.parquet
002044.SZ,002044.SZ,L,20050518,,美年健康,SZSE,主板,8,bucket_08.parquet
002045.SZ,002045.SZ,L,20050523,,国光电器,SZSE,主板,9,bucket_09.parquet
002046.SZ,002046.SZ,L,20050526,,国机精工,SZSE,主板,9,bucket_09.parquet
002048.SZ,002048.SZ,L,20050603,,宁波华翔,SZSE,主板,9,bucket_09.parquet
002051.SZ,002051.SZ,L,20060619,,中工国际,SZSE,主板,10,bucket_10.parquet
002053.SZ,002053.SZ,L,20060627,,云南能投,SZSE,主板,10,bucket_10.parquet
002056.SZ,002056.SZ,L,20060802,,横店东磁,SZSE,主板,11,bucket_11.parquet
002060.SZ,002060.SZ,L,20060810,,广东建工,SZSE,主板,12,bucket_12.parquet
002061.SZ,002061.SZ,L,20060816,,浙江交科,SZSE,主板,12,bucket_12.parquet
002063.SZ,002063.SZ,L,20060823,,远光软件,SZSE,主板,12,bucket_12.parquet
002064.SZ,002064.SZ,L,20060823,,华峰化学,SZSE,主板,12,bucket_12.parquet
002065.SZ,002065.SZ,L,20060823,,东华软件,SZSE,主板,13,bucket_13.parquet
002068.SZ,002068.SZ,L,20060915,,黑猫股份,SZSE,主板,13,bucket_13.parquet
002073.SZ,002073.SZ,L,20061018,,软控股份,SZSE,主板,14,bucket_14.parquet
002075.SZ,002075.SZ,L,20061025,,沙钢股份,SZSE,主板,15,bucket_15.parquet
002077.SZ,002077.SZ,L,20061116,,大港股份,SZSE,主板,15,bucket_15.parquet
002078.SZ,002078.SZ,L,20061116,,太阳纸业,SZSE,主板,15,bucket_15.parquet
002079.SZ,002079.SZ,L,20061116,,苏州固锝,SZSE,主板,15,bucket_15.parquet
002080.SZ,002080.SZ,L,20061120,,中材科技,SZSE,主板,16,bucket_16.parquet
002081.SZ,002081.SZ,L,20061120,,金螳螂,SZSE,主板,16,bucket_16.parquet
002085.SZ,002085.SZ,L,20061128,,万丰奥威,SZSE,主板,17,bucket_17.parquet
002091.SZ,002091.SZ,L,20061208,,江苏国泰,SZSE,主板,18,bucket_18.parquet
002093.SZ,002093.SZ,L,20061215,,国脉科技,SZSE,主板,18,bucket_18.parquet
002097.SZ,002097.SZ,L,20061222,,山河智能,SZSE,主板,19,bucket_19.parquet
002099.SZ,002099.SZ,L,20061226,,海翔药业,SZSE,主板,19,bucket_19.parquet
002100.SZ,002100.SZ,L,20061226,,天康生物,SZSE,主板,0,bucket_00.parquet
002101.SZ,002101.SZ,L,20061229,,广东鸿图,SZSE,主板,0,bucket_00.parquet
002104.SZ,002104.SZ,L,20070110,,恒宝股份,SZSE,主板,0,bucket_00.parquet
002110.SZ,002110.SZ,L,20070126,,三钢闽光,SZSE,主板,2,bucket_02.parquet
002120.SZ,002120.SZ,L,20070306,,韵达股份,SZSE,主板,4,bucket_04.parquet
002121.SZ,002121.SZ,L,20070306,,科陆电子,SZSE,主板,4,bucket_04.parquet
002123.SZ,002123.SZ,L,20070328,,梦网科技,SZSE,主板,4,bucket_04.parquet
002125.SZ,002125.SZ,L,20070403,,湘潭电化,SZSE,主板,5,bucket_05.parquet
002126.SZ,002126.SZ,L,20070418,,银轮股份,SZSE,主板,5,bucket_05.parquet
002127.SZ,002127.SZ,L,20070418,,南极电商,SZSE,主板,5,bucket_05.parquet
002128.SZ,002128.SZ,L,20070418,,电投能源,SZSE,主板,5,bucket_05.parquet
002130.SZ,002130.SZ,L,20070420,,沃尔核材,SZSE,主板,6,bucket_06.parquet
002131.SZ,002131.SZ,L,20070427,,利欧股份,SZSE,主板,6,bucket_06.parquet
002138.SZ,002138.SZ,L,20070613,,顺络电子,SZSE,主板,7,bucket_07.parquet
002139.SZ,002139.SZ,L,20070629,,拓邦股份,SZSE,主板,7,bucket_07.parquet
002145.SZ,002145.SZ,L,20070803,,钛能化学,SZSE,主板,9,bucket_09.parquet
002149.SZ,002149.SZ,L,20070810,,西部材料,SZSE,主板,9,bucket_09.parquet
002151.SZ,002151.SZ,L,20070813,,北斗星通,SZSE,主板,10,bucket_10.parquet
002152.SZ,002152.SZ,L,20070813,,广电运通,SZSE,主板,10,bucket_10.parquet
002153.SZ,002153.SZ,L,20070813,,石基信息,SZSE,主板,10,bucket_10.parquet
002155.SZ,002155.SZ,L,20070816,,湖南黄金,SZSE,主板,11,bucket_11.parquet
002156.SZ,002156.SZ,L,20070816,,通富微电,SZSE,主板,11,bucket_11.parquet
002157.SZ,002157.SZ,L,20070817,,正邦科技,SZSE,主板,11,bucket_11.parquet
002158.SZ,002158.SZ,L,20070817,,汉钟精机,SZSE,主板,11,bucket_11.parquet
002163.SZ,002163.SZ,L,20070823,,海南发展,SZSE,主板,12,bucket_12.parquet
002171.SZ,002171.SZ,L,20070921,,楚江新材,SZSE,主板,14,bucket_14.parquet
002174.SZ,002174.SZ,L,20070925,,游族网络,SZSE,主板,14,bucket_14.parquet
002176.SZ,002176.SZ,L,20071012,,江特电机,SZSE,主板,15,bucket_15.parquet
002182.SZ,002182.SZ,L,20071113,,宝武镁业,SZSE,主板,16,bucket_16.parquet
002183.SZ,002183.SZ,L,20071113,,怡亚通,SZSE,主板,16,bucket_16.parquet
002185.SZ,002185.SZ,L,20071120,,华天科技,SZSE,主板,17,bucket_17.parquet
002192.SZ,002192.SZ,L,20071205,,融捷股份,SZSE,主板,18,bucket_18.parquet
002194.SZ,002194.SZ,L,20071207,,武汉凡谷,SZSE,主板,18,bucket_18.parquet
002195.SZ,002195.SZ,L,20071212,,岩山科技,SZSE,主板,19,bucket_19.parquet
002202.SZ,002202.SZ,L,20071226,,金风科技,SZSE,主板,0,bucket_00.parquet
002203.SZ,002203.SZ,L,20080116,,海亮股份,SZSE,主板,0,bucket_00.parquet
002204.SZ,002204.SZ,L,20080116,,大连重工,SZSE,主板,0,bucket_00.parquet
002212.SZ,002212.SZ,L,20080201,,天融信,SZSE,主板,2,bucket_02.parquet
002215.SZ,002215.SZ,L,20080218,,诺普信,SZSE,主板,3,bucket_03.parquet
002216.SZ,002216.SZ,L,20080220,,三全食品,SZSE,主板,3,bucket_03.parquet
002219.SZ,002219.SZ,L,20080306,,新里程,SZSE,主板,3,bucket_03.parquet
002221.SZ,002221.SZ,L,20080306,,东华能源,SZSE,主板,4,bucket_04.parquet
002222.SZ,002222.SZ,L,20080319,,福晶科技,SZSE,主板,4,bucket_04.parquet
002223.SZ,002223.SZ,L,20080418,,鱼跃医疗,SZSE,主板,4,bucket_04.parquet
002233.SZ,002233.SZ,L,20080516,,塔牌集团,SZSE,主板,6,bucket_06.parquet
002237.SZ,002237.SZ,L,20080520,,恒邦股份,SZSE,主板,7,bucket_07.parquet
002239.SZ,002239.SZ,L,20080522,,奥特佳,SZSE,主板,7,bucket_07.parquet
002242.SZ,002242.SZ,L,20080528,,九阳股份,SZSE,主板,8,bucket_08.parquet
002243.SZ,002243.SZ,L,20080528,,力合科创,SZSE,主板,8,bucket_08.parquet
002244.SZ,002244.SZ,L,20080529,,滨江集团,SZSE,主板,8,bucket_08.parquet
002245.SZ,002245.SZ,L,20080605,,蔚蓝锂芯,SZSE,主板,9,bucket_09.parquet
002249.SZ,002249.SZ,L,20080619,,大洋电机,SZSE,主板,9,bucket_09.parquet
002251.SZ,002251.SZ,L,20080619,,步步高,SZSE,主板,10,bucket_10.parquet
002254.SZ,002254.SZ,L,20080625,,泰和新材,SZSE,主板,10,bucket_10.parquet
002258.SZ,002258.SZ,L,20080708,,利尔化学,SZSE,主板,11,bucket_11.parquet
002261.SZ,002261.SZ,L,20080723,,拓维信息,SZSE,主板,12,bucket_12.parquet
002262.SZ,002262.SZ,L,20080723,,恩华药业,SZSE,主板,12,bucket_12.parquet
002265.SZ,002265.SZ,L,20080806,,建设工业,SZSE,主板,13,bucket_13.parquet
002266.SZ,002266.SZ,L,20080806,,浙富控股,SZSE,主板,13,bucket_13.parquet
002267.SZ,002267.SZ,L,20080813,,陕天然气,SZSE,主板,13,bucket_13.parquet
002268.SZ,002268.SZ,L,20080811,,电科网安,SZSE,主板,13,bucket_13.parquet
002270.SZ,002270.SZ,L,20080905,,华明装备,SZSE,主板,14,bucket_14.parquet
002271.SZ,002271.SZ,L,20080910,,东方雨虹,SZSE,主板,14,bucket_14.parquet
002273.SZ,002273.SZ,L,20080919,,水晶光电,SZSE,主板,14,bucket_14.parquet
002275.SZ,002275.SZ,L,20090710,,桂林三金,SZSE,主板,15,bucket_15.parquet
002276.SZ,002276.SZ,L,20090710,,万马股份,SZSE,主板,15,bucket_15.parquet
002281.SZ,002281.SZ,L,20090821,,光迅科技,SZSE,主板,16,bucket_16.parquet
002287.SZ,002287.SZ,L,20090828,,奇正藏药,SZSE,主板,17,bucket_17.parquet
002292.SZ,002292.SZ,L,20090910,,奥飞娱乐,SZSE,主板,18,bucket_18.parquet
002294.SZ,002294.SZ,L,20090910,,信立泰,SZSE,主板,18,bucket_18.parquet
002299.SZ,002299.SZ,L,20091021,,圣农发展,SZSE,主板,19,bucket_19.parquet
002302.SZ,002302.SZ,L,20091103,,西部建设,SZSE,主板,0,bucket_00.parquet
002312.SZ,002312.SZ,L,20091203,,川发龙蟒,SZSE,主板,2,bucket_02.parquet
002317.SZ,002317.SZ,L,20091211,,众生药业,SZSE,主板,3,bucket_03.parquet
002318.SZ,002318.SZ,L,20091211,,久立特材,SZSE,主板,3,bucket_03.parquet
002320.SZ,002320.SZ,L,20091216,,海峡股份,SZSE,主板,4,bucket_04.parquet
002324.SZ,002324.SZ,L,20091218,,普利特,SZSE,主板,4,bucket_04.parquet
002326.SZ,002326.SZ,L,20091222,,永太科技,SZSE,主板,5,bucket_05.parquet
002332.SZ,002332.SZ,L,20100112,,仙琚制药,SZSE,主板,6,bucket_06.parquet
002335.SZ,002335.SZ,L,20100113,,科华数据,SZSE,主板,7,bucket_07.parquet
002338.SZ,002338.SZ,L,20100115,,奥普光电,SZSE,主板,7,bucket_07.parquet
002340.SZ,002340.SZ,L,20100122,,格林美,SZSE,主板,8,bucket_08.parquet
002351.SZ,002351.SZ,L,20100205,,漫步者,SZSE,主板,10,bucket_10.parquet
002353.SZ,002353.SZ,L,20100205,,杰瑞股份,SZSE,主板,10,bucket_10.parquet
002354.SZ,002354.SZ,L,20100209,,天娱数科,SZSE,主板,10,bucket_10.parquet
002364.SZ,002364.SZ,L,20100305,,中恒电气,SZSE,主板,12,bucket_12.parquet
002368.SZ,002368.SZ,L,20100312,,太极股份,SZSE,主板,13,bucket_13.parquet
002372.SZ,002372.SZ,L,20100318,,伟星新材,SZSE,主板,14,bucket_14.parquet
002373.SZ,002373.SZ,L,20100318,,千方科技,SZSE,主板,14,bucket_14.parquet
002378.SZ,002378.SZ,L,20100331,,章源钨业,SZSE,主板,15,bucket_15.parquet
002385.SZ,002385.SZ,L,20100409,,大北农,SZSE,主板,17,bucket_17.parquet
002389.SZ,002389.SZ,L,20100413,,航天彩虹,SZSE,主板,17,bucket_17.parquet
002390.SZ,002390.SZ,L,20100416,,信邦制药,SZSE,主板,18,bucket_18.parquet
002396.SZ,002396.SZ,L,20100623,,星网锐捷,SZSE,主板,19,bucket_19.parquet
002399.SZ,002399.SZ,L,20100506,,海普瑞,SZSE,主板,19,bucket_19.parquet
002400.SZ,002400.SZ,L,20100506,,省广集团,SZSE,主板,0,bucket_00.parquet
002402.SZ,002402.SZ,L,20100511,,和而泰,SZSE,主板,0,bucket_00.parquet
002405.SZ,002405.SZ,L,20100518,,四维图新,SZSE,主板,1,bucket_01.parquet
002408.SZ,002408.SZ,L,20100518,,齐翔腾达,SZSE,主板,1,bucket_01.parquet
002409.SZ,002409.SZ,L,20100525,,雅克科技,SZSE,主板,1,bucket_01.parquet
002410.SZ,002410.SZ,L,20100525,,广联达,SZSE,主板,2,bucket_02.parquet
002414.SZ,002414.SZ,L,20100716,,高德红外,SZSE,主板,2,bucket_02.parquet
002416.SZ,002416.SZ,L,20100528,,爱施德,SZSE,主板,3,bucket_03.parquet
002421.SZ,002421.SZ,L,20100603,,达实智能,SZSE,主板,4,bucket_04.parquet
002423.SZ,002423.SZ,L,20100603,,中粮资本,SZSE,主板,4,bucket_04.parquet
002428.SZ,002428.SZ,L,20100608,,云南锗业,SZSE,主板,5,bucket_05.parquet
002429.SZ,002429.SZ,L,20100610,,兆驰股份,SZSE,主板,5,bucket_05.parquet
002430.SZ,002430.SZ,L,20100610,,杭氧股份,SZSE,主板,6,bucket_06.parquet
002432.SZ,002432.SZ,L,20100610,,九安医疗,SZSE,主板,6,bucket_06.parquet
002434.SZ,002434.SZ,L,20100618,,万里扬,SZSE,主板,6,bucket_06.parquet
002436.SZ,002436.SZ,L,20100618,,兴森科技,SZSE,主板,7,bucket_07.parquet
002439.SZ,002439.SZ,L,20100623,,启明星辰,SZSE,主板,7,bucket_07.parquet
002444.SZ,002444.SZ,L,20100713,,巨星科技,SZSE,主板,8,bucket_08.parquet
002456.SZ,002456.SZ,L,20100803,,欧菲光,SZSE,主板,11,bucket_11.parquet
002458.SZ,002458.SZ,L,20100810,,益生股份,SZSE,主板,11,bucket_11.parquet
002461.SZ,002461.SZ,L,20100818,,珠江啤酒,SZSE,主板,12,bucket_12.parquet
002465.SZ,002465.SZ,L,20100831,,海格通信,SZSE,主板,13,bucket_13.parquet
002468.SZ,002468.SZ,L,20100908,,申通快递,SZSE,主板,13,bucket_13.parquet
002472.SZ,002472.SZ,L,20100910,,双环传动,SZSE,主板,14,bucket_14.parquet
002484.SZ,002484.SZ,L,20100929,,江海股份,SZSE,主板,16,bucket_16.parquet
002487.SZ,002487.SZ,L,20101015,,大金重工,SZSE,主板,17,bucket_17.parquet
002488.SZ,002488.SZ,L,20101021,,金固股份,SZSE,主板,17,bucket_17.parquet
002489.SZ,002489.SZ,L,20101021,,浙江永强,SZSE,主板,17,bucket_17.parquet
002497.SZ,002497.SZ,L,20101109,,雅化集团,SZSE,主板,19,bucket_19.parquet
002498.SZ,002498.SZ,L,20101109,,汉缆股份,SZSE,主板,19,bucket_19.parquet
002500.SZ,002500.SZ,L,20101115,,山西证券,SZSE,主板,0,bucket_00.parquet
002506.SZ,002506.SZ,L,20101118,,协鑫集成,SZSE,主板,1,bucket_01.parquet
002507.SZ,002507.SZ,L,20101123,,涪陵榨菜,SZSE,主板,1,bucket_01.parquet
002508.SZ,002508.SZ,L,20101123,,老板电器,SZSE,主板,1,bucket_01.parquet
002511.SZ,002511.SZ,L,20101125,,中顺洁柔,SZSE,主板,2,bucket_02.parquet
002517.SZ,002517.SZ,L,20101207,,恺英网络,SZSE,主板,3,bucket_03.parquet
002518.SZ,002518.SZ,L,20101207,,科士达,SZSE,主板,3,bucket_03.parquet
002531.SZ,002531.SZ,L,20101231,,天顺风能,SZSE,主板,6,bucket_06.parquet
002532.SZ,002532.SZ,L,20101231,,天山铝业,SZSE,主板,6,bucket_06.parquet
002534.SZ,002534.SZ,L,20110110,,西子洁能,SZSE,主板,6,bucket_06.parquet
002536.SZ,002536.SZ,L,20110111,,飞龙股份,SZSE,主板,7,bucket_07.parquet
002537.SZ,002537.SZ,L,20110110,,海联金汇,SZSE,主板,7,bucket_07.parquet
002539.SZ,002539.SZ,L,20110118,,云图控股,SZSE,主板,7,bucket_07.parquet
002541.SZ,002541.SZ,L,20110118,,鸿路钢构,SZSE,主板,8,bucket_08.parquet
002543.SZ,002543.SZ,L,20110128,,万和电气,SZSE,主板,8,bucket_08.parquet
002544.SZ,002544.SZ,L,20110128,,普天科技,SZSE,主板,8,bucket_08.parquet
002545.SZ,002545.SZ,L,20110211,,东方铁塔,SZSE,主板,9,bucket_09.parquet
002557.SZ,002557.SZ,L,20110302,,洽洽食品,SZSE,主板,11,bucket_11.parquet
002558.SZ,002558.SZ,L,20110302,,巨人网络,SZSE,主板,11,bucket_11.parquet
002563.SZ,002563.SZ,L,20110311,,森马服饰,SZSE,主板,12,bucket_12.parquet
002568.SZ,002568.SZ,L,20110325,,百润股份,SZSE,主板,13,bucket_13.parquet
002572.SZ,002572.SZ,L,20110412,,索菲亚,SZSE,主板,14,bucket_14.parquet
002583.SZ,002583.SZ,L,20110527,,海能达,SZSE,主板,16,bucket_16.parquet
002588.SZ,002588.SZ,L,20110610,,史丹利,SZSE,主板,17,bucket_17.parquet
002595.SZ,002595.SZ,L,20110628,,豪迈科技,SZSE,主板,19,bucket_19.parquet
002597.SZ,002597.SZ,L,20110707,,金禾实业,SZSE,主板,19,bucket_19.parquet
002603.SZ,002603.SZ,L,20110728,,以岭药业,SZSE,主板,0,bucket_00.parquet
002607.SZ,002607.SZ,L,20110810,,中公教育,SZSE,主板,1,bucket_01.parquet
002608.SZ,002608.SZ,L,20110810,,江苏国信,SZSE,主板,1,bucket_01.parquet
002611.SZ,002611.SZ,L,20110830,,东方精工,SZSE,主板,2,bucket_02.parquet
002612.SZ,002612.SZ,L,20110830,,朗姿股份,SZSE,主板,2,bucket_02.parquet
002617.SZ,002617.SZ,L,20110920,,露笑科技,SZSE,主板,3,bucket_03.parquet
002624.SZ,002624.SZ,L,20111028,,完美世界,SZSE,主板,4,bucket_04.parquet
002626.SZ,002626.SZ,L,20111028,,金达威,SZSE,主板,5,bucket_05.parquet
002635.SZ,002635.SZ,L,20111125,,安洁科技,SZSE,主板,7,bucket_07.parquet
002643.SZ,002643.SZ,L,20111220,,万润股份,SZSE,主板,8,bucket_08.parquet
002649.SZ,002649.SZ,L,20120106,,博彦科技,SZSE,主板,9,bucket_09.parquet
002654.SZ,002654.SZ,L,20120217,,万润科技,SZSE,主板,10,bucket_10.parquet
002668.SZ,002668.SZ,L,20120416,,TCL智家,SZSE,主板,13,bucket_13.parquet
002670.SZ,002670.SZ,L,20120416,,国盛证券,SZSE,主板,14,bucket_14.parquet
002673.SZ,002673.SZ,L,20120503,,西部证券,SZSE,主板,14,bucket_14.parquet
002675.SZ,002675.SZ,L,20120525,,东诚药业,SZSE,主板,15,bucket_15.parquet
002681.SZ,002681.SZ,L,20120605,,奋达科技,SZSE,主板,16,bucket_16.parquet
002683.SZ,002683.SZ,L,20120612,,广东宏大,SZSE,主板,16,bucket_16.parquet
002690.SZ,002690.SZ,L,20120731,,美亚光电,SZSE,主板,18,bucket_18.parquet
002697.SZ,002697.SZ,L,20120905,,红旗连锁,SZSE,主板,19,bucket_19.parquet
002698.SZ,002698.SZ,L,20120911,,博实股份,SZSE,主板,19,bucket_19.parquet
002701.SZ,002701.SZ,L,20121011,,奥瑞金,SZSE,主板,0,bucket_00.parquet
002705.SZ,002705.SZ,L,20140121,,新宝股份,SZSE,主板,1,bucket_01.parquet
002706.SZ,002706.SZ,L,20140121,,良信股份,SZSE,主板,1,bucket_01.parquet
002716.SZ,002716.SZ,L,20140128,,湖南白银,SZSE,主板,3,bucket_03.parquet
002727.SZ,002727.SZ,L,20140702,,一心堂,SZSE,主板,5,bucket_05.parquet
002737.SZ,002737.SZ,L,20141230,,葵花药业,SZSE,主板,7,bucket_07.parquet
002738.SZ,002738.SZ,L,20141230,,中矿资源,SZSE,主板,7,bucket_07.parquet
002739.SZ,002739.SZ,L,20150122,,儒意电影,SZSE,主板,7,bucket_07.parquet
002745.SZ,002745.SZ,L,20150217,,木林森,SZSE,主板,9,bucket_09.parquet
002747.SZ,002747.SZ,L,20150320,,埃斯顿,SZSE,主板,9,bucket_09.parquet
002755.SZ,002755.SZ,L,20150515,,奥赛康,SZSE,主板,11,bucket_11.parquet
002756.SZ,002756.SZ,L,20150515,,永兴材料,SZSE,主板,11,bucket_11.parquet
002761.SZ,002761.SZ,L,20150610,,浙江建投,SZSE,主板,12,bucket_12.parquet
002773.SZ,002773.SZ,L,20150626,,康弘药业,SZSE,主板,14,bucket_14.parquet
002779.SZ,002779.SZ,L,20151209,,中坚科技,SZSE,主板,15,bucket_15.parquet
002791.SZ,002791.SZ,L,20160329,,坚朗五金,SZSE,主板,18,bucket_18.parquet
002797.SZ,002797.SZ,L,20160511,,第一创业,SZSE,主板,19,bucket_19.parquet
002807.SZ,002807.SZ,L,20160902,,江阴银行,SZSE,主板,1,bucket_01.parquet
002821.SZ,002821.SZ,L,20161118,,凯莱英,SZSE,主板,4,bucket_04.parquet
002831.SZ,002831.SZ,L,20161216,,裕同科技,SZSE,主板,6,bucket_06.parquet
002832.SZ,002832.SZ,L,20161223,,比音勒芬,SZSE,主板,6,bucket_06.parquet
002837.SZ,002837.SZ,L,20161229,,英维克,SZSE,主板,7,bucket_07.parquet
002839.SZ,002839.SZ,L,20170124,,张家港行,SZSE,主板,7,bucket_07.parquet
002840.SZ,002840.SZ,L,20170110,,华统股份,SZSE,主板,8,bucket_08.parquet
002841.SZ,002841.SZ,L,20170119,,视源股份,SZSE,主板,8,bucket_08.parquet
002847.SZ,002847.SZ,L,20170208,,盐津铺子,SZSE,主板,9,bucket_09.parquet
002850.SZ,002850.SZ,L,20170302,,科达利,SZSE,主板,10,bucket_10.parquet
002851.SZ,002851.SZ,L,20170306,,麦格米特,SZSE,主板,10,bucket_10.parquet
002859.SZ,002859.SZ,L,20170407,,洁美科技,SZSE,主板,11,bucket_11.parquet
002867.SZ,002867.SZ,L,20170427,,周大生,SZSE,主板,13,bucket_13.parquet
002881.SZ,002881.SZ,L,20170622,,美格智能,SZSE,主板,16,bucket_16.parquet
002891.SZ,002891.SZ,L,20170821,,中宠股份,SZSE,主板,18,bucket_18.parquet
002892.SZ,002892.SZ,L,20170817,,科力尔,SZSE,主板,18,bucket_18.parquet
002895.SZ,002895.SZ,L,20170825,,川恒股份,SZSE,主板,19,bucket_19.parquet
002896.SZ,002896.SZ,L,20170829,,中大力德,SZSE,主板,19,bucket_19.parquet
002897.SZ,002897.SZ,L,20170907,,意华股份,SZSE,主板,19,bucket_19.parquet
002901.SZ,002901.SZ,L,20170922,,大博医疗,SZSE,主板,0,bucket_00.parquet
002906.SZ,002906.SZ,L,20171013,,华阳集团,SZSE,主板,1,bucket_01.parquet
002911.SZ,002911.SZ,L,20171122,,佛燃能源,SZSE,主板,2,bucket_02.parquet
002913.SZ,002913.SZ,L,20171201,,奥士康,SZSE,主板,2,bucket_02.parquet
002925.SZ,002925.SZ,L,20180115,,盈趣科技,SZSE,主板,5,bucket_05.parquet
002926.SZ,002926.SZ,L,20180205,,华西证券,SZSE,主板,5,bucket_05.parquet
002928.SZ,002928.SZ,L,20180302,,华夏航空,SZSE,主板,5,bucket_05.parquet
002929.SZ,002929.SZ,L,20180301,,润建股份,SZSE,主板,5,bucket_05.parquet
002936.SZ,002936.SZ,L,20180919,,郑州银行,SZSE,主板,7,bucket_07.parquet
002939.SZ,002939.SZ,L,20181026,,长城证券,SZSE,主板,7,bucket_07.parquet
002941.SZ,002941.SZ,L,20181128,,新疆交建,SZSE,主板,8,bucket_08.parquet
002945.SZ,002945.SZ,L,20190117,,华林证券,SZSE,主板,9,bucket_09.parquet
002946.SZ,002946.SZ,L,20190125,,新乳业,SZSE,主板,9,bucket_09.parquet
002947.SZ,002947.SZ,L,20190201,,恒铭达,SZSE,主板,9,bucket_09.parquet
002948.SZ,002948.SZ,L,20190116,,青岛银行,SZSE,主板,9,bucket_09.parquet
002958.SZ,002958.SZ,L,20190326,,青农商行,SZSE,主板,11,bucket_11.parquet
002960.SZ,002960.SZ,L,20190809,,青鸟智控,SZSE,主板,12,bucket_12.parquet
002965.SZ,002965.SZ,L,20191025,,祥鑫科技,SZSE,主板,13,bucket_13.parquet
002966.SZ,002966.SZ,L,20190802,,苏州银行,SZSE,主板,13,bucket_13.parquet
002978.SZ,002978.SZ,L,20200417,,安宁股份,SZSE,主板,15,bucket_15.parquet
002984.SZ,002984.SZ,L,20200911,,森麒麟,SZSE,主板,16,bucket_16.parquet
002985.SZ,002985.SZ,L,20200429,,北摩高科,SZSE,主板,17,bucket_17.parquet
002987.SZ,002987.SZ,L,20200507,,京北方,SZSE,主板,17,bucket_17.parquet
003021.SZ,003021.SZ,L,20201204,,兆威机电,SZSE,主板,4,bucket_04.parquet
003022.SZ,003022.SZ,L,20201208,,联泓新科,SZSE,主板,4,bucket_04.parquet
003031.SZ,003031.SZ,L,20210104,,中瓷电子,SZSE,主板,6,bucket_06.parquet
003035.SZ,003035.SZ,L,20210119,,南网能源,SZSE,主板,7,bucket_07.parquet
003039.SZ,003039.SZ,L,20210308,,顺控发展,SZSE,主板,7,bucket_07.parquet
300001.SZ,300001.SZ,L,20091030,,特锐德,SZSE,创业板,0,bucket_00.parquet
300002.SZ,300002.SZ,L,20091030,,神州泰岳,SZSE,创业板,0,bucket_00.parquet
300003.SZ,300003.SZ,L,20091030,,乐普医疗,SZSE,创业板,0,bucket_00.parquet
300007.SZ,300007.SZ,L,20091030,,汉威科技,SZSE,创业板,1,bucket_01.parquet
300008.SZ,300008.SZ,L,20091030,,天海防务,SZSE,创业板,1,bucket_01.parquet
300009.SZ,300009.SZ,L,20091030,,安科生物,SZSE,创业板,1,bucket_01.parquet
300012.SZ,300012.SZ,L,20091030,,华测检测,SZSE,创业板,2,bucket_02.parquet
300017.SZ,300017.SZ,L,20091030,,网宿科技,SZSE,创业板,3,bucket_03.parquet
300024.SZ,300024.SZ,L,20091030,,机器人,SZSE,创业板,4,bucket_04.parquet
300026.SZ,300026.SZ,L,20091030,,红日药业,SZSE,创业板,5,bucket_05.parquet
300031.SZ,300031.SZ,L,20091225,,宝通科技,SZSE,创业板,6,bucket_06.parquet
300034.SZ,300034.SZ,L,20091225,,钢研高纳,SZSE,创业板,6,bucket_06.parquet
300035.SZ,300035.SZ,L,20091225,,中科电气,SZSE,创业板,7,bucket_07.parquet
300036.SZ,300036.SZ,L,20091225,,超图软件,SZSE,创业板,7,bucket_07.parquet
300037.SZ,300037.SZ,L,20100108,,新宙邦,SZSE,创业板,7,bucket_07.parquet
300045.SZ,300045.SZ,L,20100120,,华力创通,SZSE,创业板,9,bucket_09.parquet
300047.SZ,300047.SZ,L,20100120,,天源迪科,SZSE,创业板,9,bucket_09.parquet
300049.SZ,300049.SZ,L,20100120,,福瑞医科,SZSE,创业板,9,bucket_09.parquet
300054.SZ,300054.SZ,L,20100211,,鼎龙股份,SZSE,创业板,10,bucket_10.parquet
300058.SZ,300058.SZ,L,20100226,,蓝色光标,SZSE,创业板,11,bucket_11.parquet
300065.SZ,300065.SZ,L,20100326,,海兰信,SZSE,创业板,13,bucket_13.parquet
300070.SZ,300070.SZ,L,20100421,,碧水源,SZSE,创业板,14,bucket_14.parquet
300073.SZ,300073.SZ,L,20100427,,当升科技,SZSE,创业板,14,bucket_14.parquet
300075.SZ,300075.SZ,L,20100427,,数字政通,SZSE,创业板,15,bucket_15.parquet
300077.SZ,300077.SZ,L,20100430,,国民技术,SZSE,创业板,15,bucket_15.parquet
300079.SZ,300079.SZ,L,20100430,,数码视讯,SZSE,创业板,15,bucket_15.parquet
300080.SZ,300080.SZ,L,20100625,,易成新能,SZSE,创业板,16,bucket_16.parquet
300083.SZ,300083.SZ,L,20100520,,创世纪,SZSE,创业板,16,bucket_16.parquet
300085.SZ,300085.SZ,L,20100526,,银之杰,SZSE,创业板,17,bucket_17.parquet
300087.SZ,300087.SZ,L,20100526,,ST荃银,SZSE,创业板,17,bucket_17.parquet
300088.SZ,300088.SZ,L,20100526,,长信科技,SZSE,创业板,17,bucket_17.parquet
300098.SZ,300098.SZ,L,20100728,,高新兴,SZSE,创业板,19,bucket_19.parquet
300100.SZ,300100.SZ,L,20100806,,双林股份,SZSE,创业板,0,bucket_00.parquet
300101.SZ,300101.SZ,L,20100806,,振芯科技,SZSE,创业板,0,bucket_00.parquet
300113.SZ,300113.SZ,L,20100827,,顺网科技,SZSE,创业板,2,bucket_02.parquet
300115.SZ,300115.SZ,L,20100902,,长盈精密,SZSE,创业板,3,bucket_03.parquet
300130.SZ,300130.SZ,L,20101019,,新国都,SZSE,创业板,6,bucket_06.parquet
300131.SZ,300131.SZ,L,20101019,,英唐智控,SZSE,创业板,6,bucket_06.parquet
300133.SZ,300133.SZ,L,20101026,,华策影视,SZSE,创业板,6,bucket_06.parquet
300134.SZ,300134.SZ,L,20101026,,大富科技,SZSE,创业板,6,bucket_06.parquet
300136.SZ,300136.SZ,L,20101105,,信维通信,SZSE,创业板,7,bucket_07.parquet
300142.SZ,300142.SZ,L,20101112,,沃森生物,SZSE,创业板,8,bucket_08.parquet
300144.SZ,300144.SZ,L,20101209,,宋城演艺,SZSE,创业板,8,bucket_08.parquet
300146.SZ,300146.SZ,L,20101215,,汤臣倍健,SZSE,创业板,9,bucket_09.parquet
300151.SZ,300151.SZ,L,20101222,,昌红科技,SZSE,创业板,10,bucket_10.parquet
300166.SZ,300166.SZ,L,20110125,,东方国信,SZSE,创业板,13,bucket_13.parquet
300170.SZ,300170.SZ,L,20110201,,汉得信息,SZSE,创业板,14,bucket_14.parquet
300171.SZ,300171.SZ,L,20110201,,东富龙,SZSE,创业板,14,bucket_14.parquet
300180.SZ,300180.SZ,L,20110222,,华峰超纤,SZSE,创业板,16,bucket_16.parquet
300181.SZ,300181.SZ,L,20110222,,佐力药业,SZSE,创业板,16,bucket_16.parquet
300182.SZ,300182.SZ,L,20110222,,捷成股份,SZSE,创业板,16,bucket_16.parquet
300183.SZ,300183.SZ,L,20110222,,东软载波,SZSE,创业板,16,bucket_16.parquet
300184.SZ,300184.SZ,L,20110222,,力源信息,SZSE,创业板,16,bucket_16.parquet
300185.SZ,300185.SZ,L,20110308,,通裕重工,SZSE,创业板,17,bucket_17.parquet
300188.SZ,300188.SZ,L,20110316,,国投智能,SZSE,创业板,17,bucket_17.parquet
300199.SZ,300199.SZ,L,20110407,,翰宇药业,SZSE,创业板,19,bucket_19.parquet
300207.SZ,300207.SZ,L,20110421,,欣旺达,SZSE,创业板,1,bucket_01.parquet
300223.SZ,300223.SZ,L,20110531,,北京君正,SZSE,创业板,4,bucket_04.parquet
300224.SZ,300224.SZ,L,20110531,,正海磁材,SZSE,创业板,4,bucket_04.parquet
300226.SZ,300226.SZ,L,20110608,,上海钢联,SZSE,创业板,5,bucket_05.parquet
300229.SZ,300229.SZ,L,20110615,,拓尔思,SZSE,创业板,5,bucket_05.parquet
300232.SZ,300232.SZ,L,20110622,,洲明科技,SZSE,创业板,6,bucket_06.parquet
300236.SZ,300236.SZ,L,20110629,,上海新阳,SZSE,创业板,7,bucket_07.parquet
300244.SZ,300244.SZ,L,20110719,,迪安诊断,SZSE,创业板,8,bucket_08.parquet
300253.SZ,300253.SZ,L,20110818,,卫宁健康,SZSE,创业板,10,bucket_10.parquet
300257.SZ,300257.SZ,L,20110819,,开山股份,SZSE,创业板,11,bucket_11.parquet
300260.SZ,300260.SZ,L,20110906,,新莱应材,SZSE,创业板,12,bucket_12.parquet
300276.SZ,300276.SZ,L,20111115,,三丰智能,SZSE,创业板,15,bucket_15.parquet
300284.SZ,300284.SZ,L,20120110,,苏交科,SZSE,创业板,16,bucket_16.parquet
300285.SZ,300285.SZ,L,20120113,,国瓷材料,SZSE,创业板,17,bucket_17.parquet
300294.SZ,300294.SZ,L,20120308,,博雅生物,SZSE,创业板,18,bucket_18.parquet
300296.SZ,300296.SZ,L,20120315,,利亚德,SZSE,创业板,19,bucket_19.parquet
300298.SZ,300298.SZ,L,20120319,,三诺生物,SZSE,创业板,19,bucket_19.parquet
300303.SZ,300303.SZ,L,20120319,,聚飞光电,SZSE,创业板,0,bucket_00.parquet
300315.SZ,300315.SZ,L,20120511,,掌趣科技,SZSE,创业板,3,bucket_03.parquet
300319.SZ,300319.SZ,L,20120523,,麦捷科技,SZSE,创业板,3,bucket_03.parquet
300323.SZ,300323.SZ,L,20120601,,华灿光电,SZSE,创业板,4,bucket_04.parquet
300327.SZ,300327.SZ,L,20120613,,中颖电子,SZSE,创业板,5,bucket_05.parquet
300337.SZ,300337.SZ,L,20120718,,银邦股份,SZSE,创业板,7,bucket_07.parquet
300339.SZ,300339.SZ,L,20120718,,润和软件,SZSE,创业板,7,bucket_07.parquet
300346.SZ,300346.SZ,L,20120807,,南大光电,SZSE,创业板,9,bucket_09.parquet
300348.SZ,300348.SZ,L,20120817,,长亮科技,SZSE,创业板,9,bucket_09.parquet
300357.SZ,300357.SZ,L,20140121,,我武生物,SZSE,创业板,11,bucket_11.parquet
300360.SZ,300360.SZ,L,20140121,,炬华科技,SZSE,创业板,12,bucket_12.parquet
300363.SZ,300363.SZ,L,20140129,,博腾股份,SZSE,创业板,12,bucket_12.parquet
300373.SZ,300373.SZ,L,20140123,,扬杰科技,SZSE,创业板,14,bucket_14.parquet
300378.SZ,300378.SZ,L,20140127,,鼎捷数智,SZSE,创业板,15,bucket_15.parquet
300383.SZ,300383.SZ,L,20140129,,光环新网,SZSE,创业板,16,bucket_16.parquet
300390.SZ,300390.SZ,L,20140731,,天华新能,SZSE,创业板,18,bucket_18.parquet
300395.SZ,300395.SZ,L,20140910,,菲利华,SZSE,创业板,19,bucket_19.parquet
300398.SZ,300398.SZ,L,20141009,,飞凯材料,SZSE,创业板,19,bucket_19.parquet
300401.SZ,300401.SZ,L,20141009,,花园生物,SZSE,创业板,0,bucket_00.parquet
300406.SZ,300406.SZ,L,20141030,,九强生物,SZSE,创业板,1,bucket_01.parquet
300409.SZ,300409.SZ,L,20141203,,道氏技术,SZSE,创业板,1,bucket_01.parquet
300415.SZ,300415.SZ,L,20150123,,伊之密,SZSE,创业板,3,bucket_03.parquet
300416.SZ,300416.SZ,L,20150122,,苏试试验,SZSE,创业板,3,bucket_03.parquet
300428.SZ,300428.SZ,L,20150319,,立中集团,SZSE,创业板,5,bucket_05.parquet
300432.SZ,300432.SZ,L,20150319,,富临精工,SZSE,创业板,6,bucket_06.parquet
300438.SZ,300438.SZ,L,20150424,,鹏辉能源,SZSE,创业板,7,bucket_07.parquet
300443.SZ,300443.SZ,L,20150422,,金雷股份,SZSE,创业板,8,bucket_08.parquet
300450.SZ,300450.SZ,L,20150518,,先导智能,SZSE,创业板,10,bucket_10.parquet
300451.SZ,300451.SZ,L,20150514,,创业慧康,SZSE,创业板,10,bucket_10.parquet
300454.SZ,300454.SZ,L,20180516,,深信服,SZSE,创业板,10,bucket_10.parquet
300455.SZ,300455.SZ,L,20150515,,航天智装,SZSE,创业板,11,bucket_11.parquet
300456.SZ,300456.SZ,L,20150514,,赛微电子,SZSE,创业板,11,bucket_11.parquet
300457.SZ,300457.SZ,L,20150514,,赢合科技,SZSE,创业板,11,bucket_11.parquet
300458.SZ,300458.SZ,L,20150515,,全志科技,SZSE,创业板,11,bucket_11.parquet
300459.SZ,300459.SZ,L,20150515,,汤姆猫,SZSE,创业板,11,bucket_11.parquet
300463.SZ,300463.SZ,L,20150528,,迈克生物,SZSE,创业板,12,bucket_12.parquet
300468.SZ,300468.SZ,L,20150527,,四方精创,SZSE,创业板,13,bucket_13.parquet
300474.SZ,300474.SZ,L,20160331,,景嘉微,SZSE,创业板,14,bucket_14.parquet
300475.SZ,300475.SZ,L,20150610,,香农芯创,SZSE,创业板,15,bucket_15.parquet
300482.SZ,300482.SZ,L,20150630,,万孚生物,SZSE,创业板,16,bucket_16.parquet
300487.SZ,300487.SZ,L,20150702,,蓝晓科技,SZSE,创业板,17,bucket_17.parquet
300492.SZ,300492.SZ,L,20151223,,华图山鼎,SZSE,创业板,18,bucket_18.parquet
300493.SZ,300493.SZ,L,20151210,,润欣科技,SZSE,创业板,18,bucket_18.parquet
300496.SZ,300496.SZ,L,20151210,,中科创达,SZSE,创业板,19,bucket_19.parquet
300525.SZ,300525.SZ,L,20160726,,博思软件,SZSE,创业板,5,bucket_05.parquet
300529.SZ,300529.SZ,L,20160802,,健帆生物,SZSE,创业板,5,bucket_05.parquet
300548.SZ,300548.SZ,L,20161012,,长芯博创,SZSE,创业板,9,bucket_09.parquet
300558.SZ,300558.SZ,L,20161107,,贝达药业,SZSE,创业板,11,bucket_11.parquet
300567.SZ,300567.SZ,L,20161122,,精测电子,SZSE,创业板,13,bucket_13.parquet
300568.SZ,300568.SZ,L,20161201,,星源材质,SZSE,创业板,13,bucket_13.parquet
300570.SZ,300570.SZ,L,20161206,,太辰光,SZSE,创业板,14,bucket_14.parquet
300573.SZ,300573.SZ,L,20161208,,兴齐眼药,SZSE,创业板,14,bucket_14.parquet
300576.SZ,300576.SZ,L,20161220,,容大感光,SZSE,创业板,15,bucket_15.parquet
300579.SZ,300579.SZ,L,20161223,,数字认证,SZSE,创业板,15,bucket_15.parquet
300593.SZ,300593.SZ,L,20170113,,新雷能,SZSE,创业板,18,bucket_18.parquet
300595.SZ,300595.SZ,L,20170117,,欧普康视,SZSE,创业板,19,bucket_19.parquet
300598.SZ,300598.SZ,L,20170120,,诚迈科技,SZSE,创业板,19,bucket_19.parquet
300601.SZ,300601.SZ,L,20170207,,康泰生物,SZSE,创业板,0,bucket_00.parquet
300602.SZ,300602.SZ,L,20170126,,飞荣达,SZSE,创业板,0,bucket_00.parquet
300604.SZ,300604.SZ,L,20170417,,长川科技,SZSE,创业板,0,bucket_00.parquet
300607.SZ,300607.SZ,L,20170209,,拓斯达,SZSE,创业板,1,bucket_01.parquet
300613.SZ,300613.SZ,L,20170220,,富瀚微,SZSE,创业板,2,bucket_02.parquet
300618.SZ,300618.SZ,L,20170306,,寒锐钴业,SZSE,创业板,3,bucket_03.parquet
300620.SZ,300620.SZ,L,20170310,,光库科技,SZSE,创业板,4,bucket_04.parquet
300623.SZ,300623.SZ,L,20170314,,捷捷微电,SZSE,创业板,4,bucket_04.parquet
300624.SZ,300624.SZ,L,20180118,,万兴科技,SZSE,创业板,4,bucket_04.parquet
300627.SZ,300627.SZ,L,20170321,,华测导航,SZSE,创业板,5,bucket_05.parquet
300633.SZ,300633.SZ,L,20170406,,开立医疗,SZSE,创业板,6,bucket_06.parquet
300634.SZ,300634.SZ,L,20180323,,彩讯股份,SZSE,创业板,6,bucket_06.parquet
300638.SZ,300638.SZ,L,20170413,,广和通,SZSE,创业板,7,bucket_07.parquet
300641.SZ,300641.SZ,L,20170418,,正丹股份,SZSE,创业板,8,bucket_08.parquet
300655.SZ,300655.SZ,L,20170523,,晶瑞电材,SZSE,创业板,11,bucket_11.parquet
300657.SZ,300657.SZ,L,20170523,,弘信电子,SZSE,创业板,11,bucket_11.parquet
300660.SZ,300660.SZ,L,20170602,,江苏雷利,SZSE,创业板,12,bucket_12.parquet
300663.SZ,300663.SZ,L,20170608,,科蓝软件,SZSE,创业板,12,bucket_12.parquet
300666.SZ,300666.SZ,L,20170615,,江丰电子,SZSE,创业板,13,bucket_13.parquet
300672.SZ,300672.SZ,L,20170712,,国科微,SZSE,创业板,14,bucket_14.parquet
300674.SZ,300674.SZ,L,20181107,,宇信科技,SZSE,创业板,14,bucket_14.parquet
300676.SZ,300676.SZ,L,20170714,,华大基因,SZSE,创业板,15,bucket_15.parquet
300677.SZ,300677.SZ,L,20170721,,英科医疗,SZSE,创业板,15,bucket_15.parquet
300678.SZ,300678.SZ,L,20170728,,中科信息,SZSE,创业板,15,bucket_15.parquet
300679.SZ,300679.SZ,L,20170731,,电连技术,SZSE,创业板,15,bucket_15.parquet
300682.SZ,300682.SZ,L,20170801,,朗新科技,SZSE,创业板,16,bucket_16.parquet
300685.SZ,300685.SZ,L,20170802,,艾德生物,SZSE,创业板,17,bucket_17.parquet
300687.SZ,300687.SZ,L,20170803,,赛意信息,SZSE,创业板,17,bucket_17.parquet
300693.SZ,300693.SZ,L,20170822,,盛弘股份,SZSE,创业板,18,bucket_18.parquet
300699.SZ,300699.SZ,L,20170901,,光威复材,SZSE,创业板,19,bucket_19.parquet
300718.SZ,300718.SZ,L,20171106,,长盛轴承,SZSE,创业板,3,bucket_03.parquet
300723.SZ,300723.SZ,L,20171116,,一品红,SZSE,创业板,4,bucket_04.parquet
300724.SZ,300724.SZ,L,20180810,,捷佳伟创,SZSE,创业板,4,bucket_04.parquet
300725.SZ,300725.SZ,L,20171110,,药石科技,SZSE,创业板,5,bucket_05.parquet
300726.SZ,300726.SZ,L,20171121,,宏达电子,SZSE,创业板,5,bucket_05.parquet
300735.SZ,300735.SZ,L,20171229,,光弘科技,SZSE,创业板,7,bucket_07.parquet
300738.SZ,300738.SZ,L,20180119,,奥飞数据,SZSE,创业板,7,bucket_07.parquet
300747.SZ,300747.SZ,L,20180625,,锐科激光,SZSE,创业板,9,bucket_09.parquet
300748.SZ,300748.SZ,L,20180921,,金力永磁,SZSE,创业板,9,bucket_09.parquet
300751.SZ,300751.SZ,L,20181109,,迈为股份,SZSE,创业板,10,bucket_10.parquet
300755.SZ,300755.SZ,L,20190129,,华致酒行,SZSE,创业板,11,bucket_11.parquet
300757.SZ,300757.SZ,L,20190108,,罗博特科,SZSE,创业板,11,bucket_11.parquet
300761.SZ,300761.SZ,L,20190218,,立华股份,SZSE,创业板,12,bucket_12.parquet
300762.SZ,300762.SZ,L,20190314,,上海瀚讯,SZSE,创业板,12,bucket_12.parquet
300763.SZ,300763.SZ,L,20190319,,锦浪科技,SZSE,创业板,12,bucket_12.parquet
300768.SZ,300768.SZ,L,20190412,,迪普科技,SZSE,创业板,13,bucket_13.parquet
300770.SZ,300770.SZ,L,20190419,,新媒股份,SZSE,创业板,14,bucket_14.parquet
300772.SZ,300772.SZ,L,20190426,,运达股份,SZSE,创业板,14,bucket_14.parquet
300773.SZ,300773.SZ,L,20190425,,拉卡拉,SZSE,创业板,14,bucket_14.parquet
300775.SZ,300775.SZ,L,20190521,,三角防务,SZSE,创业板,15,bucket_15.parquet
300776.SZ,300776.SZ,L,20190517,,帝尔激光,SZSE,创业板,15,bucket_15.parquet
300777.SZ,300777.SZ,L,20190516,,中简科技,SZSE,创业板,15,bucket_15.parquet
300779.SZ,300779.SZ,L,20190522,,惠城环保,SZSE,创业板,15,bucket_15.parquet
300811.SZ,300811.SZ,L,20191230,,铂科新材,SZSE,创业板,2,bucket_02.parquet
300820.SZ,300820.SZ,L,20200213,,英杰电气,SZSE,创业板,4,bucket_04.parquet
300821.SZ,300821.SZ,L,20200312,,东岳硅材,SZSE,创业板,4,bucket_04.parquet
300827.SZ,300827.SZ,L,20200410,,上能电气,SZSE,创业板,5,bucket_05.parquet
300841.SZ,300841.SZ,L,20200616,,康华生物,SZSE,创业板,8,bucket_08.parquet
300850.SZ,300850.SZ,L,20200713,,新强联,SZSE,创业板,10,bucket_10.parquet
300855.SZ,300855.SZ,L,20200723,,图南股份,SZSE,创业板,11,bucket_11.parquet
300856.SZ,300856.SZ,L,20200722,,科思股份,SZSE,创业板,11,bucket_11.parquet
300857.SZ,300857.SZ,L,20200727,,协创数据,SZSE,创业板,11,bucket_11.parquet
300861.SZ,300861.SZ,L,20200824,,美畅股份,SZSE,创业板,12,bucket_12.parquet
300870.SZ,300870.SZ,L,20200824,,欧陆通,SZSE,创业板,14,bucket_14.parquet
300872.SZ,300872.SZ,L,20200824,,天阳科技,SZSE,创业板,14,bucket_14.parquet
300888.SZ,300888.SZ,L,20200917,,稳健医疗,SZSE,创业板,17,bucket_17.parquet
300910.SZ,300910.SZ,L,20201127,,瑞丰新材,SZSE,创业板,2,bucket_02.parquet
300913.SZ,300913.SZ,L,20201207,,兆龙互连,SZSE,创业板,2,bucket_02.parquet
300917.SZ,300917.SZ,L,20201221,,特发服务,SZSE,创业板,3,bucket_03.parquet
300919.SZ,300919.SZ,L,20201223,,中伟新材,SZSE,创业板,3,bucket_03.parquet
300925.SZ,300925.SZ,L,20201230,,法本信息,SZSE,创业板,5,bucket_05.parquet
300926.SZ,300926.SZ,L,20210107,,博俊科技,SZSE,创业板,5,bucket_05.parquet
300953.SZ,300953.SZ,L,20210318,,震裕科技,SZSE,创业板,10,bucket_10.parquet
300957.SZ,300957.SZ,L,20210325,,贝泰妮,SZSE,创业板,11,bucket_11.parquet
300972.SZ,300972.SZ,L,20210419,,万辰集团,SZSE,创业板,14,bucket_14.parquet
301000.SZ,301000.SZ,L,20210528,,肇民科技,SZSE,创业板,0,bucket_00.parquet
301004.SZ,301004.SZ,L,20210625,,嘉益股份,SZSE,创业板,0,bucket_00.parquet
301015.SZ,301015.SZ,L,20210630,,百洋医药,SZSE,创业板,3,bucket_03.parquet
301018.SZ,301018.SZ,L,20210707,,申菱环境,SZSE,创业板,3,bucket_03.parquet
301029.SZ,301029.SZ,L,20210723,,怡合达,SZSE,创业板,5,bucket_05.parquet
301031.SZ,301031.SZ,L,20210715,,中熔电气,SZSE,创业板,6,bucket_06.parquet
301035.SZ,301035.SZ,L,20210728,,润丰股份,SZSE,创业板,7,bucket_07.parquet
301039.SZ,301039.SZ,L,20210708,,中集车辆,SZSE,创业板,7,bucket_07.parquet
301047.SZ,301047.SZ,L,20210816,,义翘神州,SZSE,创业板,9,bucket_09.parquet
301050.SZ,301050.SZ,L,20210824,,雷电微力,SZSE,创业板,10,bucket_10.parquet
301061.SZ,301061.SZ,L,20210913,,匠心家居,SZSE,创业板,12,bucket_12.parquet
301071.SZ,301071.SZ,L,20210924,,力量钻石,SZSE,创业板,14,bucket_14.parquet
301078.SZ,301078.SZ,L,20211014,,孩子王,SZSE,创业板,15,bucket_15.parquet
301087.SZ,301087.SZ,L,20211025,,可孚医疗,SZSE,创业板,17,bucket_17.parquet
301091.SZ,301091.SZ,L,20211029,,深城交,SZSE,创业板,18,bucket_18.parquet
301095.SZ,301095.SZ,L,20220805,,广立微,SZSE,创业板,19,bucket_19.parquet
301101.SZ,301101.SZ,L,20211216,,明月镜片,SZSE,创业板,0,bucket_00.parquet
301109.SZ,301109.SZ,L,20220413,,军信股份,SZSE,创业板,1,bucket_01.parquet
301127.SZ,301127.SZ,L,20211230,,武汉天源,SZSE,创业板,5,bucket_05.parquet
301153.SZ,301153.SZ,L,20220518,,中科江南,SZSE,创业板,10,bucket_10.parquet
301155.SZ,301155.SZ,L,20211124,,海力风电,SZSE,创业板,11,bucket_11.parquet
301171.SZ,301171.SZ,L,20220819,,易点天下,SZSE,创业板,14,bucket_14.parquet
301175.SZ,301175.SZ,L,20220708,,中科环保,SZSE,创业板,15,bucket_15.parquet
301177.SZ,301177.SZ,L,20211215,,迪阿股份,SZSE,创业板,15,bucket_15.parquet
301200.SZ,301200.SZ,L,20220228,,大族数控,SZSE,创业板,0,bucket_00.parquet
301205.SZ,301205.SZ,L,20220913,,联特科技,SZSE,创业板,1,bucket_01.parquet
301207.SZ,301207.SZ,L,20220218,,华兰疫苗,SZSE,创业板,1,bucket_01.parquet
301215.SZ,301215.SZ,L,20220308,,中汽股份,SZSE,创业板,3,bucket_03.parquet
301217.SZ,301217.SZ,L,20220127,,铜冠铜箔,SZSE,创业板,3,bucket_03.parquet
301219.SZ,301219.SZ,L,20220317,,腾远钴业,SZSE,创业板,3,bucket_03.parquet
301238.SZ,301238.SZ,L,20220617,,瑞泰新材,SZSE,创业板,7,bucket_07.parquet
301262.SZ,301262.SZ,L,20230620,,海看股份,SZSE,创业板,12,bucket_12.parquet
301263.SZ,301263.SZ,L,20220329,,泰恩康,SZSE,创业板,12,bucket_12.parquet
301267.SZ,301267.SZ,L,20221107,,华厦眼科,SZSE,创业板,13,bucket_13.parquet
301268.SZ,301268.SZ,L,20220407,,铭利达,SZSE,创业板,13,bucket_13.parquet
301275.SZ,301275.SZ,L,20250311,,汉朔科技,SZSE,创业板,15,bucket_15.parquet
301291.SZ,301291.SZ,L,20230630,,明阳电气,SZSE,创业板,18,bucket_18.parquet
301293.SZ,301293.SZ,L,20230505,,三博脑科,SZSE,创业板,18,bucket_18.parquet
301297.SZ,301297.SZ,L,20221230,,富乐德,SZSE,创业板,19,bucket_19.parquet
301301.SZ,301301.SZ,L,20221227,,川宁生物,SZSE,创业板,0,bucket_00.parquet
301308.SZ,301308.SZ,L,20220805,,江波龙,SZSE,创业板,1,bucket_01.parquet
301316.SZ,301316.SZ,L,20221013,,慧博云通,SZSE,创业板,3,bucket_03.parquet
301325.SZ,301325.SZ,L,20230512,,曼恩斯特,SZSE,创业板,5,bucket_05.parquet
301327.SZ,301327.SZ,L,20220919,,华宝新能,SZSE,创业板,5,bucket_05.parquet
301339.SZ,301339.SZ,L,20220909,,通行宝,SZSE,创业板,7,bucket_07.parquet
301345.SZ,301345.SZ,L,20230321,,涛涛车业,SZSE,创业板,9,bucket_09.parquet
301358.SZ,301358.SZ,L,20230209,,湖南裕能,SZSE,创业板,11,bucket_11.parquet
301363.SZ,301363.SZ,L,20221012,,美好医疗,SZSE,创业板,12,bucket_12.parquet
301371.SZ,301371.SZ,L,20230801,,敷尔佳,SZSE,创业板,14,bucket_14.parquet
301376.SZ,301376.SZ,L,20230621,,致欧科技,SZSE,创业板,15,bucket_15.parquet
301377.SZ,301377.SZ,L,20221122,,鼎泰高科,SZSE,创业板,15,bucket_15.parquet
301381.SZ,301381.SZ,L,20230712,,赛维时代,SZSE,创业板,16,bucket_16.parquet
301392.SZ,301392.SZ,L,20240605,,汇成真空,SZSE,创业板,18,bucket_18.parquet
301458.SZ,301458.SZ,L,20250110,,钧崴电子,SZSE,创业板,11,bucket_11.parquet
301487.SZ,301487.SZ,L,20230809,,盟固利,SZSE,创业板,17,bucket_17.parquet
301498.SZ,301498.SZ,L,20230816,,乖宝宠物,SZSE,创业板,19,bucket_19.parquet
301500.SZ,301500.SZ,L,20230921,,飞南资源,SZSE,创业板,0,bucket_00.parquet
301508.SZ,301508.SZ,L,20231201,,中机认检,SZSE,创业板,1,bucket_01.parquet
301510.SZ,301510.SZ,L,20230815,,固高科技,SZSE,创业板,2,bucket_02.parquet
301511.SZ,301511.SZ,L,20230817,,德福科技,SZSE,创业板,2,bucket_02.parquet
301522.SZ,301522.SZ,L,20241016,,上大股份,SZSE,创业板,4,bucket_04.parquet
301526.SZ,301526.SZ,L,20231226,,国际复材,SZSE,创业板,5,bucket_05.parquet
301536.SZ,301536.SZ,L,20240328,,星宸科技,SZSE,创业板,7,bucket_07.parquet
301550.SZ,301550.SZ,L,20230915,,斯菱智驱,SZSE,创业板,10,bucket_10.parquet
301551.SZ,301551.SZ,L,20240926,,无线传媒,SZSE,创业板,10,bucket_10.parquet
301556.SZ,301556.SZ,L,20241017,,托普云农,SZSE,创业板,11,bucket_11.parquet
301565.SZ,301565.SZ,L,20240620,,中仑新材,SZSE,创业板,13,bucket_13.parquet
301571.SZ,301571.SZ,L,20240821,,国科天成,SZSE,创业板,14,bucket_14.parquet
301589.SZ,301589.SZ,L,20240208,,诺瓦星云,SZSE,创业板,17,bucket_17.parquet
301592.SZ,301592.SZ,L,20241024,,六九一二,SZSE,创业板,18,bucket_18.parquet
301600.SZ,301600.SZ,L,20240911,,慧翰股份,SZSE,创业板,0,bucket_00.parquet
301602.SZ,301602.SZ,L,20250122,,超研股份,SZSE,创业板,0,bucket_00.parquet
301606.SZ,301606.SZ,L,20240726,,绿联科技,SZSE,创业板,1,bucket_01.parquet
301611.SZ,301611.SZ,L,20240816,,珂玛科技,SZSE,创业板,2,bucket_02.parquet
301622.SZ,301622.SZ,L,20241204,,英思特,SZSE,创业板,4,bucket_04.parquet
301626.SZ,301626.SZ,L,20241024,,苏州天脉,SZSE,创业板,5,bucket_05.parquet
301631.SZ,301631.SZ,L,20241122,,壹连科技,SZSE,创业板,6,bucket_06.parquet
301658.SZ,301658.SZ,L,20250402,,首航新能,SZSE,创业板,11,bucket_11.parquet
301665.SZ,301665.SZ,L,20250411,,泰禾股份,SZSE,创业板,13,bucket_13.parquet
301678.SZ,301678.SZ,L,20250620,,新恒汇,SZSE,创业板,15,bucket_15.parquet
600004.SH,600004.SH,L,20030428,,白云机场,SSE,主板,0,bucket_00.parquet
600006.SH,600006.SH,L,19990727,,东风股份,SSE,主板,1,bucket_01.parquet
600007.SH,600007.SH,L,19990312,,中国国贸,SSE,主板,1,bucket_01.parquet
600008.SH,600008.SH,L,20000427,,首创环保,SSE,主板,1,bucket_01.parquet
600012.SH,600012.SH,L,20030107,,皖通高速,SSE,主板,2,bucket_02.parquet
600017.SH,600017.SH,L,20061017,,日照港,SSE,主板,3,bucket_03.parquet
600020.SH,600020.SH,L,20030808,,中原高速,SSE,主板,4,bucket_04.parquet
600021.SH,600021.SH,L,20031029,,上海电力,SSE,主板,4,bucket_04.parquet
600022.SH,600022.SH,L,20040629,,山东钢铁,SSE,主板,4,bucket_04.parquet
600032.SH,600032.SH,L,20210525,,浙江新能,SSE,主板,6,bucket_06.parquet
600033.SH,600033.SH,L,20010209,,福建高速,SSE,主板,6,bucket_06.parquet
600037.SH,600037.SH,L,20010208,,歌华有线,SSE,主板,7,bucket_07.parquet
600038.SH,600038.SH,L,20001218,,中直股份,SSE,主板,7,bucket_07.parquet
600055.SH,600055.SH,L,19970519,,万东医疗,SSE,主板,11,bucket_11.parquet
600056.SH,600056.SH,L,19970515,,中国医药,SSE,主板,11,bucket_11.parquet
600057.SH,600057.SH,L,19970604,,厦门象屿,SSE,主板,11,bucket_11.parquet
600058.SH,600058.SH,L,19970528,,五矿发展,SSE,主板,11,bucket_11.parquet
600059.SH,600059.SH,L,19970516,,古越龙山,SSE,主板,11,bucket_11.parquet
600060.SH,600060.SH,L,19970422,,海信视像,SSE,主板,12,bucket_12.parquet
600062.SH,600062.SH,L,19970522,,华润双鹤,SSE,主板,12,bucket_12.parquet
600063.SH,600063.SH,L,19970528,,皖维高新,SSE,主板,12,bucket_12.parquet
600064.SH,600064.SH,L,19970506,,南京高科,SSE,主板,12,bucket_12.parquet
600072.SH,600072.SH,L,19970603,,中船科技,SSE,主板,14,bucket_14.parquet
600075.SH,600075.SH,L,19970617,,新疆天业,SSE,主板,15,bucket_15.parquet
600094.SH,600094.SH,L,19970703,,大名城,SSE,主板,18,bucket_18.parquet
600095.SH,600095.SH,L,19970708,,湘财股份,SSE,主板,19,bucket_19.parquet
600096.SH,600096.SH,L,19970709,,云天化,SSE,主板,19,bucket_19.parquet
600098.SH,600098.SH,L,19970718,,广州发展,SSE,主板,19,bucket_19.parquet
600100.SH,600100.SH,L,19970627,,同方股份,SSE,主板,0,bucket_00.parquet
600105.SH,600105.SH,L,19970929,,永鼎股份,SSE,主板,1,bucket_01.parquet
600109.SH,600109.SH,L,19970807,,国金证券,SSE,主板,1,bucket_01.parquet
600113.SH,600113.SH,L,19971021,,浙江东日,SSE,主板,2,bucket_02.parquet
600114.SH,600114.SH,L,20040511,,东睦股份,SSE,主板,2,bucket_02.parquet
600116.SH,600116.SH,L,19970804,,三峡水利,SSE,主板,3,bucket_03.parquet
600118.SH,600118.SH,L,19970908,,中国卫星,SSE,主板,3,bucket_03.parquet
600120.SH,600120.SH,L,19971201,,浙江东方,SSE,主板,4,bucket_04.parquet
600123.SH,600123.SH,L,19981217,,兰花科创,SSE,主板,4,bucket_04.parquet
600125.SH,600125.SH,L,19980511,,铁龙物流,SSE,主板,5,bucket_05.parquet
600126.SH,600126.SH,L,19980311,,杭钢股份,SSE,主板,5,bucket_05.parquet
600129.SH,600129.SH,L,19971118,,太极集团,SSE,主板,5,bucket_05.parquet
600131.SH,600131.SH,L,19980402,,国网信通,SSE,主板,6,bucket_06.parquet
600132.SH,600132.SH,L,19971030,,重庆啤酒,SSE,主板,6,bucket_06.parquet
600133.SH,600133.SH,L,19980212,,东湖高新,SSE,主板,6,bucket_06.parquet
600141.SH,600141.SH,L,19990616,,兴发集团,SSE,主板,8,bucket_08.parquet
600143.SH,600143.SH,L,20040623,,金发科技,SSE,主板,8,bucket_08.parquet
600151.SH,600151.SH,L,19980605,,航天机电,SSE,主板,10,bucket_10.parquet
600153.SH,600153.SH,L,19980616,,建发股份,SSE,主板,10,bucket_10.parquet
600155.SH,600155.SH,L,19980918,,华创云信,SSE,主板,11,bucket_11.parquet
600157.SH,600157.SH,L,19980513,,永泰能源,SSE,主板,11,bucket_11.parquet
600158.SH,600158.SH,L,19980327,,中体产业,SSE,主板,11,bucket_11.parquet
600163.SH,600163.SH,L,19980602,,中闽能源,SSE,主板,12,bucket_12.parquet
600166.SH,600166.SH,L,19980602,,福田汽车,SSE,主板,13,bucket_13.parquet
600167.SH,600167.SH,L,19990128,,联美控股,SSE,主板,13,bucket_13.parquet
600170.SH,600170.SH,L,19980623,,上海建工,SSE,主板,14,bucket_14.parquet
600171.SH,600171.SH,L,19980924,,上海贝岭,SSE,主板,14,bucket_14.parquet
600177.SH,600177.SH,L,19981119,,雅戈尔,SSE,主板,15,bucket_15.parquet
600179.SH,600179.SH,L,19981104,,安通控股,SSE,主板,15,bucket_15.parquet
600185.SH,600185.SH,L,19990611,,珠免集团,SSE,主板,17,bucket_17.parquet
600186.SH,600186.SH,L,19980825,,莲花控股,SSE,主板,17,bucket_17.parquet
600197.SH,600197.SH,L,19990916,,伊力特,SSE,主板,19,bucket_19.parquet
600201.SH,600201.SH,L,19990115,,生物股份,SSE,主板,0,bucket_00.parquet
600206.SH,600206.SH,L,19990319,,有研新材,SSE,主板,1,bucket_01.parquet
600208.SH,600208.SH,L,19990623,,衢州发展,SSE,主板,1,bucket_01.parquet
600210.SH,600210.SH,L,19990824,,紫江企业,SSE,主板,2,bucket_02.parquet
600211.SH,600211.SH,L,19990721,,西藏药业,SSE,主板,2,bucket_02.parquet
600216.SH,600216.SH,L,19991021,,浙江医药,SSE,主板,3,bucket_03.parquet
600217.SH,600217.SH,L,19991216,,中再资环,SSE,主板,3,bucket_03.parquet
600223.SH,600223.SH,L,20000113,,福瑞达,SSE,主板,4,bucket_04.parquet
600226.SH,600226.SH,L,19991116,,亨通股份,SSE,主板,5,bucket_05.parquet
600246.SH,600246.SH,L,20000922,,万通发展,SSE,主板,9,bucket_09.parquet
600248.SH,600248.SH,L,20000622,,陕建股份,SSE,主板,9,bucket_09.parquet
600252.SH,600252.SH,L,20001130,,中恒集团,SSE,主板,10,bucket_10.parquet
600258.SH,600258.SH,L,20000601,,首旅酒店,SSE,主板,11,bucket_11.parquet
600259.SH,600259.SH,L,20000525,,中稀有色,SSE,主板,11,bucket_11.parquet
600266.SH,600266.SH,L,19990203,,城建发展,SSE,主板,13,bucket_13.parquet
600267.SH,600267.SH,L,20000725,,海正药业,SSE,主板,13,bucket_13.parquet
600269.SH,600269.SH,L,20000518,,赣粤高速,SSE,主板,13,bucket_13.parquet
600273.SH,600273.SH,L,20030627,,嘉化能源,SSE,主板,14,bucket_14.parquet
600282.SH,600282.SH,L,20000919,,南钢股份,SSE,主板,16,bucket_16.parquet
600285.SH,600285.SH,L,20001018,,羚锐制药,SSE,主板,17,bucket_17.parquet
600292.SH,600292.SH,L,20001101,,电投水电,SSE,主板,18,bucket_18.parquet
600295.SH,600295.SH,L,20010426,,鄂尔多斯,SSE,主板,19,bucket_19.parquet
600298.SH,600298.SH,L,20000818,,安琪酵母,SSE,主板,19,bucket_19.parquet
600299.SH,600299.SH,L,20000420,,安迪苏,SSE,主板,19,bucket_19.parquet
600305.SH,600305.SH,L,20010206,,恒顺醋业,SSE,主板,1,bucket_01.parquet
600312.SH,600312.SH,L,20010221,,平高电气,SSE,主板,2,bucket_02.parquet
600315.SH,600315.SH,L,20010315,,上海家化,SSE,主板,3,bucket_03.parquet
600316.SH,600316.SH,L,20001215,,洪都航空,SSE,主板,3,bucket_03.parquet
600320.SH,600320.SH,L,20001221,,振华重工,SSE,主板,4,bucket_04.parquet
600323.SH,600323.SH,L,20001225,,瀚蓝环境,SSE,主板,4,bucket_04.parquet
600325.SH,600325.SH,L,20040225,,华发股份,SSE,主板,5,bucket_05.parquet
600328.SH,600328.SH,L,20001222,,中盐化工,SSE,主板,5,bucket_05.parquet
600329.SH,600329.SH,L,20010606,,达仁堂,SSE,主板,5,bucket_05.parquet
600330.SH,600330.SH,L,20010118,,天通股份,SSE,主板,6,bucket_06.parquet
600331.SH,600331.SH,L,20011220,,宏达股份,SSE,主板,6,bucket_06.parquet
600332.SH,600332.SH,L,20010206,,白云山,SSE,主板,6,bucket_06.parquet
600335.SH,600335.SH,L,20010305,,国机汽车,SSE,主板,7,bucket_07.parquet
600338.SH,600338.SH,L,20001227,,西藏珠峰,SSE,主板,7,bucket_07.parquet
600339.SH,600339.SH,L,20001225,,中油工程,SSE,主板,7,bucket_07.parquet
600348.SH,600348.SH,L,20030821,,华阳股份,SSE,主板,9,bucket_09.parquet
600352.SH,600352.SH,L,20030801,,浙江龙盛,SSE,主板,10,bucket_10.parquet
600353.SH,600353.SH,L,20021120,,旭光电子,SSE,主板,10,bucket_10.parquet
600363.SH,600363.SH,L,20010329,,联创光电,SSE,主板,12,bucket_12.parquet
600366.SH,600366.SH,L,20001030,,宁波韵升,SSE,主板,13,bucket_13.parquet
600369.SH,600369.SH,L,20010109,,西南证券,SSE,主板,13,bucket_13.parquet
600373.SH,600373.SH,L,20020304,,中文传媒,SSE,主板,14,bucket_14.parquet
600378.SH,600378.SH,L,20010111,,昊华科技,SSE,主板,15,bucket_15.parquet
600380.SH,600380.SH,L,20010608,,健康元,SSE,主板,16,bucket_16.parquet
600388.SH,600388.SH,L,20001229,,龙净环保,SSE,主板,17,bucket_17.parquet
600389.SH,600389.SH,L,20010110,,江山股份,SSE,主板,17,bucket_17.parquet
600390.SH,600390.SH,L,20010115,,五矿资本,SSE,主板,18,bucket_18.parquet
600392.SH,600392.SH,L,20030529,,盛和资源,SSE,主板,18,bucket_18.parquet
600395.SH,600395.SH,L,20010531,,盘江股份,SSE,主板,19,bucket_19.parquet
600398.SH,600398.SH,L,20001228,,海澜之家,SSE,主板,19,bucket_19.parquet
600399.SH,600399.SH,L,20001229,,抚顺特钢,SSE,主板,19,bucket_19.parquet
600403.SH,600403.SH,L,20031009,,大有能源,SSE,主板,0,bucket_00.parquet
600409.SH,600409.SH,L,20030618,,三友化工,SSE,主板,1,bucket_01.parquet
600416.SH,600416.SH,L,20020718,,湘电股份,SSE,主板,3,bucket_03.parquet
600420.SH,600420.SH,L,20040616,,国药现代,SSE,主板,4,bucket_04.parquet
600422.SH,600422.SH,L,20001206,,昆药集团,SSE,主板,4,bucket_04.parquet
600428.SH,600428.SH,L,20020418,,中远海特,SSE,主板,5,bucket_05.parquet
600435.SH,600435.SH,L,20030704,,北方导航,SSE,主板,7,bucket_07.parquet
600446.SH,600446.SH,L,20031224,,金证股份,SSE,主板,9,bucket_09.parquet
600452.SH,600452.SH,L,20040303,,涪陵电力,SSE,主板,10,bucket_10.parquet
600456.SH,600456.SH,L,20020412,,宝钛股份,SSE,主板,11,bucket_11.parquet
600458.SH,600458.SH,L,20021219,,时代新材,SSE,主板,11,bucket_11.parquet
600459.SH,600459.SH,L,20030516,,贵研铂业,SSE,主板,11,bucket_11.parquet
600461.SH,600461.SH,L,20040601,,洪城环境,SSE,主板,12,bucket_12.parquet
600475.SH,600475.SH,L,20030721,,华光环能,SSE,主板,15,bucket_15.parquet
600478.SH,600478.SH,L,20030918,,科力远,SSE,主板,15,bucket_15.parquet
600480.SH,600480.SH,L,20030815,,凌云股份,SSE,主板,16,bucket_16.parquet
600483.SH,600483.SH,L,20040531,,福能股份,SSE,主板,16,bucket_16.parquet
600486.SH,600486.SH,L,20020425,,扬农化工,SSE,主板,17,bucket_17.parquet
600487.SH,600487.SH,L,20030822,,亨通光电,SSE,主板,17,bucket_17.parquet
600490.SH,600490.SH,L,20030626,,鹏欣资源,SSE,主板,18,bucket_18.parquet
600497.SH,600497.SH,L,20040420,,驰宏锌锗,SSE,主板,19,bucket_19.parquet
600498.SH,600498.SH,L,20010823,,烽火通信,SSE,主板,19,bucket_19.parquet
600499.SH,600499.SH,L,20021010,,科达制造,SSE,主板,19,bucket_19.parquet
600502.SH,600502.SH,L,20030415,,安徽建工,SSE,主板,0,bucket_00.parquet
600507.SH,600507.SH,L,20030930,,方大特钢,SSE,主板,1,bucket_01.parquet
600508.SH,600508.SH,L,20010829,,上海能源,SSE,主板,1,bucket_01.parquet
600509.SH,600509.SH,L,20020228,,天富能源,SSE,主板,1,bucket_01.parquet
600511.SH,600511.SH,L,20021127,,国药股份,SSE,主板,2,bucket_02.parquet
600516.SH,600516.SH,L,20020830,,方大炭素,SSE,主板,3,bucket_03.parquet
600517.SH,600517.SH,L,20031010,,国网英大,SSE,主板,3,bucket_03.parquet
600521.SH,600521.SH,L,20030304,,华海药业,SSE,主板,4,bucket_04.parquet
600528.SH,600528.SH,L,20010528,,中铁工业,SSE,主板,5,bucket_05.parquet
600529.SH,600529.SH,L,20020603,,山东药玻,SSE,主板,5,bucket_05.parquet
600531.SH,600531.SH,L,20020730,,豫光金铅,SSE,主板,6,bucket_06.parquet
600535.SH,600535.SH,L,20020823,,天士力,SSE,主板,7,bucket_07.parquet
600536.SH,600536.SH,L,20020517,,中国软件,SSE,主板,7,bucket_07.parquet
600546.SH,600546.SH,L,20030731,,山煤国际,SSE,主板,9,bucket_09.parquet
600549.SH,600549.SH,L,20021107,,厦门钨业,SSE,主板,9,bucket_09.parquet
600550.SH,600550.SH,L,20010228,,保变电气,SSE,主板,10,bucket_10.parquet
600552.SH,600552.SH,L,20021108,,凯盛科技,SSE,主板,10,bucket_10.parquet
600556.SH,600556.SH,L,20010807,,天下秀,SSE,主板,11,bucket_11.parquet
600557.SH,600557.SH,L,20020918,,康缘药业,SSE,主板,11,bucket_11.parquet
600559.SH,600559.SH,L,20021029,,老白干酒,SSE,主板,11,bucket_11.parquet
600562.SH,600562.SH,L,20030128,,国睿科技,SSE,主板,12,bucket_12.parquet
600563.SH,600563.SH,L,20021210,,法拉电子,SSE,主板,12,bucket_12.parquet
600566.SH,600566.SH,L,20010822,,济川药业,SSE,主板,13,bucket_13.parquet
600572.SH,600572.SH,L,20040412,,康恩贝,SSE,主板,14,bucket_14.parquet
600575.SH,600575.SH,L,20030328,,淮河能源,SSE,主板,15,bucket_15.parquet
600577.SH,600577.SH,L,20020911,,精达股份,SSE,主板,15,bucket_15.parquet
600578.SH,600578.SH,L,20020510,,京能电力,SSE,主板,15,bucket_15.parquet
600580.SH,600580.SH,L,20020606,,卧龙电驱,SSE,主板,16,bucket_16.parquet
600582.SH,600582.SH,L,20020515,,天地科技,SSE,主板,16,bucket_16.parquet
600583.SH,600583.SH,L,20020205,,海油工程,SSE,主板,16,bucket_16.parquet
600586.SH,600586.SH,L,20020815,,金晶科技,SSE,主板,17,bucket_17.parquet
600587.SH,600587.SH,L,20020927,,新华医疗,SSE,主板,17,bucket_17.parquet
600595.SH,600595.SH,L,20020626,,中孚实业,SSE,主板,19,bucket_19.parquet
600596.SH,600596.SH,L,20010906,,新安股份,SSE,主板,19,bucket_19.parquet
600597.SH,600597.SH,L,20020828,,光明乳业,SSE,主板,19,bucket_19.parquet
600598.SH,600598.SH,L,20020329,,北大荒,SSE,主板,19,bucket_19.parquet
600601.SH,600601.SH,L,19901219,,方正科技,SSE,主板,0,bucket_00.parquet
600602.SH,600602.SH,L,19901219,,云赛智联,SSE,主板,0,bucket_00.parquet
600606.SH,600606.SH,L,19920327,,绿地控股,SSE,主板,1,bucket_01.parquet
600612.SH,600612.SH,L,19920814,,老凤祥,SSE,主板,2,bucket_02.parquet
600618.SH,600618.SH,L,19921113,,氯碱化工,SSE,主板,3,bucket_03.parquet
600619.SH,600619.SH,L,19921116,,海立股份,SSE,主板,3,bucket_03.parquet
600621.SH,600621.SH,L,19921202,,华鑫股份,SSE,主板,4,bucket_04.parquet
600623.SH,600623.SH,L,19921204,,华谊集团,SSE,主板,4,bucket_04.parquet
600629.SH,600629.SH,L,19930209,,华建集团,SSE,主板,5,bucket_05.parquet
600633.SH,600633.SH,L,19930304,,浙数文化,SSE,主板,6,bucket_06.parquet
600635.SH,600635.SH,L,19930304,,大众公用,SSE,主板,7,bucket_07.parquet
600637.SH,600637.SH,L,19930316,,东方明珠,SSE,主板,7,bucket_07.parquet
600639.SH,600639.SH,L,19930326,,浦东金桥,SSE,主板,7,bucket_07.parquet
600640.SH,600640.SH,L,19930407,,国脉文化,SSE,主板,8,bucket_08.parquet
600641.SH,600641.SH,L,19930407,,先导基电,SSE,主板,8,bucket_08.parquet
600642.SH,600642.SH,L,19930416,,申能股份,SSE,主板,8,bucket_08.parquet
600643.SH,600643.SH,L,19930426,,爱建集团,SSE,主板,8,bucket_08.parquet
600645.SH,600645.SH,L,19930504,,中源协和,SSE,主板,9,bucket_09.parquet
600649.SH,600649.SH,L,19930518,,城投控股,SSE,主板,9,bucket_09.parquet
600651.SH,600651.SH,L,19901219,,飞乐音响,SSE,主板,10,bucket_10.parquet
600655.SH,600655.SH,L,19920902,,豫园股份,SSE,主板,11,bucket_11.parquet
600657.SH,600657.SH,L,19930524,,信达地产,SSE,主板,11,bucket_11.parquet
600662.SH,600662.SH,L,19930614,,外服控股,SSE,主板,12,bucket_12.parquet
600663.SH,600663.SH,L,19930628,,陆家嘴,SSE,主板,12,bucket_12.parquet
600664.SH,600664.SH,L,19930629,,哈药股份,SSE,主板,12,bucket_12.parquet
600667.SH,600667.SH,L,19930728,,太极实业,SSE,主板,13,bucket_13.parquet
600673.SH,600673.SH,L,19930917,,东阳光,SSE,主板,14,bucket_14.parquet
600675.SH,600675.SH,L,19930924,,中华企业,SSE,主板,15,bucket_15.parquet
600682.SH,600682.SH,L,19931018,,南京新百,SSE,主板,16,bucket_16.parquet
600685.SH,600685.SH,L,19931028,,中船防务,SSE,主板,17,bucket_17.parquet
600686.SH,600686.SH,L,19931108,,金龙汽车,SSE,主板,17,bucket_17.parquet
600688.SH,600688.SH,L,19931108,,上海石化,SSE,主板,17,bucket_17.parquet
600699.SH,600699.SH,L,19931206,,均胜电子,SSE,主板,19,bucket_19.parquet
600704.SH,600704.SH,L,19960606,,物产中大,SSE,主板,0,bucket_00.parquet
600707.SH,600707.SH,L,19960520,,彩虹股份,SSE,主板,1,bucket_01.parquet
600710.SH,600710.SH,L,19960701,,苏美达,SSE,主板,2,bucket_02.parquet
600717.SH,600717.SH,L,19960614,,天津港,SSE,主板,3,bucket_03.parquet
600718.SH,600718.SH,L,19960618,,东软集团,SSE,主板,3,bucket_03.parquet
600720.SH,600720.SH,L,19960716,,中交设计,SSE,主板,4,bucket_04.parquet
600728.SH,600728.SH,L,19960716,,佳都科技,SSE,主板,5,bucket_05.parquet
600729.SH,600729.SH,L,19960702,,重百集团,SSE,主板,5,bucket_05.parquet
600737.SH,600737.SH,L,19960731,,中粮糖业,SSE,主板,7,bucket_07.parquet
600739.SH,600739.SH,L,19960819,,辽宁成大,SSE,主板,7,bucket_07.parquet
600740.SH,600740.SH,L,19960808,,山西焦化,SSE,主板,8,bucket_08.parquet
600744.SH,600744.SH,L,19960905,,华银电力,SSE,主板,8,bucket_08.parquet
600750.SH,600750.SH,L,19960923,,华润江中,SSE,主板,10,bucket_10.parquet
600751.SH,600751.SH,L,19960909,,海航科技,SSE,主板,10,bucket_10.parquet
600754.SH,600754.SH,L,19961011,,锦江酒店,SSE,主板,10,bucket_10.parquet
600757.SH,600757.SH,L,19961003,,长江传媒,SSE,主板,11,bucket_11.parquet
600761.SH,600761.SH,L,19961009,,安徽合力,SSE,主板,12,bucket_12.parquet
600763.SH,600763.SH,L,19961030,,通策医疗,SSE,主板,12,bucket_12.parquet
600764.SH,600764.SH,L,19961104,,中国海防,SSE,主板,12,bucket_12.parquet
600765.SH,600765.SH,L,19961106,,中航重机,SSE,主板,13,bucket_13.parquet
600771.SH,600771.SH,L,19961105,,广誉远,SSE,主板,14,bucket_14.parquet
600773.SH,600773.SH,L,19961108,,西藏城投,SSE,主板,14,bucket_14.parquet
600776.SH,600776.SH,L,19961126,,东方通信,SSE,主板,15,bucket_15.parquet
600782.SH,600782.SH,L,19961225,,新钢股份,SSE,主板,16,bucket_16.parquet
600783.SH,600783.SH,L,19961225,,鲁信创投,SSE,主板,16,bucket_16.parquet
600787.SH,600787.SH,L,19970121,,中储股份,SSE,主板,17,bucket_17.parquet
600789.SH,600789.SH,L,19970226,,鲁抗医药,SSE,主板,17,bucket_17.parquet
600801.SH,600801.SH,L,19940103,,华新建材,SSE,主板,0,bucket_00.parquet
600808.SH,600808.SH,L,19940106,,马钢股份,SSE,主板,1,bucket_01.parquet
600810.SH,600810.SH,L,19940106,,神马股份,SSE,主板,2,bucket_02.parquet
600812.SH,600812.SH,L,19940114,,华北制药,SSE,主板,2,bucket_02.parquet
600816.SH,600816.SH,L,19940128,,建元信托,SSE,主板,3,bucket_03.parquet
600820.SH,600820.SH,L,19940128,,隧道股份,SSE,主板,4,bucket_04.parquet
600821.SH,600821.SH,L,19940128,,金开新能,SSE,主板,4,bucket_04.parquet
600827.SH,600827.SH,L,19940204,,百联股份,SSE,主板,5,bucket_05.parquet
600835.SH,600835.SH,L,19940224,,上海机电,SSE,主板,7,bucket_07.parquet
600848.SH,600848.SH,L,19940324,,上海临港,SSE,主板,9,bucket_09.parquet
600850.SH,600850.SH,L,19940324,,电科数字,SSE,主板,10,bucket_10.parquet
600859.SH,600859.SH,L,19940506,,王府井,SSE,主板,11,bucket_11.parquet
600862.SH,600862.SH,L,19940520,,中航高科,SSE,主板,12,bucket_12.parquet
600863.SH,600863.SH,L,19940520,,华能蒙电,SSE,主板,12,bucket_12.parquet
600864.SH,600864.SH,L,19940809,,哈投股份,SSE,主板,12,bucket_12.parquet
600866.SH,600866.SH,L,19940818,,星湖科技,SSE,主板,13,bucket_13.parquet
600867.SH,600867.SH,L,19940824,,通化东宝,SSE,主板,13,bucket_13.parquet
600869.SH,600869.SH,L,19950206,,远东股份,SSE,主板,13,bucket_13.parquet
600871.SH,600871.SH,L,19950411,,石化油服,SSE,主板,14,bucket_14.parquet
600872.SH,600872.SH,L,19950124,,中炬高新,SSE,主板,14,bucket_14.parquet
600873.SH,600873.SH,L,19950217,,梅花生物,SSE,主板,14,bucket_14.parquet
600877.SH,600877.SH,L,19951013,,电科芯片,SSE,主板,15,bucket_15.parquet
600879.SH,600879.SH,L,19951115,,航天电子,SSE,主板,15,bucket_15.parquet
600882.SH,600882.SH,L,19951206,,妙可蓝多,SSE,主板,16,bucket_16.parquet
600884.SH,600884.SH,L,19960130,,杉杉股份,SSE,主板,16,bucket_16.parquet
600885.SH,600885.SH,L,19960205,,宏发股份,SSE,主板,17,bucket_17.parquet
600888.SH,600888.SH,L,19960215,,新疆众和,SSE,主板,17,bucket_17.parquet
600894.SH,600894.SH,L,19960328,,广日股份,SSE,主板,18,bucket_18.parquet
600901.SH,600901.SH,L,20180301,,江苏金租,SSE,主板,0,bucket_00.parquet
600903.SH,600903.SH,L,20171107,,贵州燃气,SSE,主板,0,bucket_00.parquet
600906.SH,600906.SH,L,20210507,,财达证券,SSE,主板,1,bucket_01.parquet
600908.SH,600908.SH,L,20160923,,无锡银行,SSE,主板,1,bucket_01.parquet
600909.SH,600909.SH,L,20161206,,华安证券,SSE,主板,1,bucket_01.parquet
600916.SH,600916.SH,L,20210205,,中国黄金,SSE,主板,3,bucket_03.parquet
600928.SH,600928.SH,L,20190301,,西安银行,SSE,主板,5,bucket_05.parquet
600929.SH,600929.SH,L,20180326,,雪天盐业,SSE,主板,5,bucket_05.parquet
600933.SH,600933.SH,L,20171117,,爱柯迪,SSE,主板,6,bucket_06.parquet
600959.SH,600959.SH,L,20150428,,江苏有线,SSE,主板,11,bucket_11.parquet
600961.SH,600961.SH,L,20040830,,株冶集团,SSE,主板,12,bucket_12.parquet
600963.SH,600963.SH,L,20040525,,岳阳林纸,SSE,主板,12,bucket_12.parquet
600967.SH,600967.SH,L,20040518,,内蒙一机,SSE,主板,13,bucket_13.parquet
600968.SH,600968.SH,L,20190626,,海油发展,SSE,主板,13,bucket_13.parquet
600970.SH,600970.SH,L,20050412,,中材国际,SSE,主板,14,bucket_14.parquet
600971.SH,600971.SH,L,20040817,,恒源煤电,SSE,主板,14,bucket_14.parquet
600975.SH,600975.SH,L,20040609,,新五丰,SSE,主板,15,bucket_15.parquet
600977.SH,600977.SH,L,20160809,,中国电影,SSE,主板,15,bucket_15.parquet
600985.SH,600985.SH,L,20040428,,淮北矿业,SSE,主板,17,bucket_17.parquet
600986.SH,600986.SH,L,20040426,,浙文互联,SSE,主板,17,bucket_17.parquet
600988.SH,600988.SH,L,20040414,,赤峰黄金,SSE,主板,17,bucket_17.parquet
600993.SH,600993.SH,L,20040517,,马应龙,SSE,主板,18,bucket_18.parquet
600995.SH,600995.SH,L,20040615,,南网储能,SSE,主板,19,bucket_19.parquet
600996.SH,600996.SH,L,20161226,,贵广网络,SSE,主板,19,bucket_19.parquet
600997.SH,600997.SH,L,20040602,,开滦股份,SSE,主板,19,bucket_19.parquet
600998.SH,600998.SH,L,20101102,,九州通,SSE,主板,19,bucket_19.parquet
601000.SH,601000.SH,L,20100705,,唐山港,SSE,主板,0,bucket_00.parquet
601001.SH,601001.SH,L,20060623,,晋控煤业,SSE,主板,0,bucket_00.parquet
601003.SH,601003.SH,L,20070227,,柳钢股份,SSE,主板,0,bucket_00.parquet
601016.SH,601016.SH,L,20140929,,节能风电,SSE,主板,3,bucket_03.parquet
601019.SH,601019.SH,L,20171122,,山东出版,SSE,主板,3,bucket_03.parquet
601020.SH,601020.SH,L,20160316,,华钰矿业,SSE,主板,4,bucket_04.parquet
601022.SH,601022.SH,L,20221208,,宁波远洋,SSE,主板,4,bucket_04.parquet
601033.SH,601033.SH,L,20240118,,永兴股份,SSE,主板,6,bucket_06.parquet
601038.SH,601038.SH,L,20120808,,一拖股份,SSE,主板,7,bucket_07.parquet
601061.SH,601061.SH,L,20230410,,中信金属,SSE,主板,12,bucket_12.parquet
601068.SH,601068.SH,L,20180831,,中铝国际,SSE,主板,13,bucket_13.parquet
601069.SH,601069.SH,L,20150122,,西部黄金,SSE,主板,13,bucket_13.parquet
601083.SH,601083.SH,L,20231205,,锦江航运,SSE,主板,16,bucket_16.parquet
601096.SH,601096.SH,L,20231222,,宏盛华源,SSE,主板,19,bucket_19.parquet
601098.SH,601098.SH,L,20101028,,中南传媒,SSE,主板,19,bucket_19.parquet
601099.SH,601099.SH,L,20071228,,太平洋,SSE,主板,19,bucket_19.parquet
601101.SH,601101.SH,L,20100331,,昊华能源,SSE,主板,0,bucket_00.parquet
601106.SH,601106.SH,L,20100209,,中国一重,SSE,主板,1,bucket_01.parquet
601107.SH,601107.SH,L,20090727,,四川成渝,SSE,主板,1,bucket_01.parquet
601108.SH,601108.SH,L,20171024,,财通证券,SSE,主板,1,bucket_01.parquet
601118.SH,601118.SH,L,20110107,,海南橡胶,SSE,主板,3,bucket_03.parquet
601126.SH,601126.SH,L,20101231,,四方股份,SSE,主板,5,bucket_05.parquet
601128.SH,601128.SH,L,20160930,,常熟银行,SSE,主板,5,bucket_05.parquet
601137.SH,601137.SH,L,20110127,,博威合金,SSE,主板,7,bucket_07.parquet
601139.SH,601139.SH,L,20091225,,深圳燃气,SSE,主板,7,bucket_07.parquet
601155.SH,601155.SH,L,20151204,,新城控股,SSE,主板,11,bucket_11.parquet
601156.SH,601156.SH,L,20210609,,东航物流,SSE,主板,11,bucket_11.parquet
601162.SH,601162.SH,L,20181019,,天风证券,SSE,主板,12,bucket_12.parquet
601163.SH,601163.SH,L,20160909,,三角轮胎,SSE,主板,12,bucket_12.parquet
601168.SH,601168.SH,L,20070712,,西部矿业,SSE,主板,13,bucket_13.parquet
601179.SH,601179.SH,L,20100128,,中国西电,SSE,主板,15,bucket_15.parquet
601198.SH,601198.SH,L,20150226,,东兴证券,SSE,主板,19,bucket_19.parquet
601200.SH,601200.SH,L,20170331,,上海环境,SSE,主板,0,bucket_00.parquet
601208.SH,601208.SH,L,20110520,,东材科技,SSE,主板,1,bucket_01.parquet
601212.SH,601212.SH,L,20170215,,白银有色,SSE,主板,2,bucket_02.parquet
601216.SH,601216.SH,L,20110222,,君正集团,SSE,主板,3,bucket_03.parquet
601222.SH,601222.SH,L,20110808,,林洋能源,SSE,主板,4,bucket_04.parquet
601228.SH,601228.SH,L,20170329,,广州港,SSE,主板,5,bucket_05.parquet
601231.SH,601231.SH,L,20120220,,环旭电子,SSE,主板,6,bucket_06.parquet
601233.SH,601233.SH,L,20110518,,桐昆股份,SSE,主板,6,bucket_06.parquet
601311.SH,601311.SH,L,20110602,,骆驼股份,SSE,主板,2,bucket_02.parquet
601326.SH,601326.SH,L,20170816,,秦港股份,SSE,主板,5,bucket_05.parquet
601333.SH,601333.SH,L,20061222,,广深铁路,SSE,主板,6,bucket_06.parquet
601369.SH,601369.SH,L,20100428,,陕鼓动力,SSE,主板,13,bucket_13.parquet
601375.SH,601375.SH,L,20170103,,中原证券,SSE,主板,15,bucket_15.parquet
601399.SH,601399.SH,L,20200608,,国机重装,SSE,主板,19,bucket_19.parquet
601500.SH,601500.SH,L,20160919,,通用股份,SSE,主板,0,bucket_00.parquet
601519.SH,601519.SH,L,20110128,,大智慧,SSE,主板,3,bucket_03.parquet
601555.SH,601555.SH,L,20111212,,东吴证券,SSE,主板,11,bucket_11.parquet
601567.SH,601567.SH,L,20110615,,三星电气,SSE,主板,13,bucket_13.parquet
601577.SH,601577.SH,L,20180926,,长沙银行,SSE,主板,15,bucket_15.parquet
601598.SH,601598.SH,L,20190118,,中国外运,SSE,主板,19,bucket_19.parquet
601606.SH,601606.SH,L,20180806,,长城军工,SSE,主板,1,bucket_01.parquet
601608.SH,601608.SH,L,20120706,,中信重工,SSE,主板,1,bucket_01.parquet
601609.SH,601609.SH,L,20200422,,金田股份,SSE,主板,1,bucket_01.parquet
601611.SH,601611.SH,L,20160606,,中国核建,SSE,主板,2,bucket_02.parquet
601615.SH,601615.SH,L,20190123,,明阳智能,SSE,主板,3,bucket_03.parquet
601619.SH,601619.SH,L,20170720,,嘉泽新能,SSE,主板,3,bucket_03.parquet
601636.SH,601636.SH,L,20110812,,旗滨集团,SSE,主板,7,bucket_07.parquet
601665.SH,601665.SH,L,20210618,,齐鲁银行,SSE,主板,13,bucket_13.parquet
601666.SH,601666.SH,L,20061123,,平煤股份,SSE,主板,13,bucket_13.parquet
601677.SH,601677.SH,L,20110919,,明泰铝业,SSE,主板,15,bucket_15.parquet
601678.SH,601678.SH,L,20100223,,滨化股份,SSE,主板,15,bucket_15.parquet
601696.SH,601696.SH,L,20200226,,中银证券,SSE,主板,19,bucket_19.parquet
601699.SH,601699.SH,L,20060922,,潞安环能,SSE,主板,19,bucket_19.parquet
601702.SH,601702.SH,L,20200907,,华峰铝业,SSE,主板,0,bucket_00.parquet
601717.SH,601717.SH,L,20100803,,中创智领,SSE,主板,3,bucket_03.parquet
601777.SH,601777.SH,L,20101125,,千里科技,SSE,主板,15,bucket_15.parquet
601778.SH,601778.SH,L,20200519,,晶科科技,SSE,主板,15,bucket_15.parquet
601799.SH,601799.SH,L,20110201,,星宇股份,SSE,主板,19,bucket_19.parquet
601801.SH,601801.SH,L,20100118,,皖新传媒,SSE,主板,0,bucket_00.parquet
601858.SH,601858.SH,L,20170118,,中国科传,SSE,主板,11,bucket_11.parquet
601860.SH,601860.SH,L,20190103,,紫金银行,SSE,主板,12,bucket_12.parquet
601865.SH,601865.SH,L,20190215,,福莱特,SSE,主板,13,bucket_13.parquet
601866.SH,601866.SH,L,20071212,,中远海发,SSE,主板,13,bucket_13.parquet
601869.SH,601869.SH,L,20180720,,长飞光纤,SSE,主板,13,bucket_13.parquet
601880.SH,601880.SH,L,20101206,,辽港股份,SSE,主板,16,bucket_16.parquet
601882.SH,601882.SH,L,20161107,,海天精工,SSE,主板,16,bucket_16.parquet
601890.SH,601890.SH,L,20101228,,亚星锚链,SSE,主板,18,bucket_18.parquet
601900.SH,601900.SH,L,20160215,,南方传媒,SSE,主板,0,bucket_00.parquet
601908.SH,601908.SH,L,20110908,,京运通,SSE,主板,1,bucket_01.parquet
601918.SH,601918.SH,L,20071219,,新集能源,SSE,主板,3,bucket_03.parquet
601928.SH,601928.SH,L,20111130,,凤凰传媒,SSE,主板,5,bucket_05.parquet
601949.SH,601949.SH,L,20170821,,中国出版,SSE,主板,9,bucket_09.parquet
601952.SH,601952.SH,L,20170515,,苏垦农发,SSE,主板,10,bucket_10.parquet
601958.SH,601958.SH,L,20080417,,金钼股份,SSE,主板,11,bucket_11.parquet
601965.SH,601965.SH,L,20120611,,中国汽研,SSE,主板,13,bucket_13.parquet
601966.SH,601966.SH,L,20160706,,玲珑轮胎,SSE,主板,13,bucket_13.parquet
601969.SH,601969.SH,L,20141209,,海南矿业,SSE,主板,13,bucket_13.parquet
601975.SH,601975.SH,L,20190108,,招商南油,SSE,主板,15,bucket_15.parquet
601990.SH,601990.SH,L,20180613,,南京证券,SSE,主板,18,bucket_18.parquet
601991.SH,601991.SH,L,20061220,,大唐发电,SSE,主板,18,bucket_18.parquet
601997.SH,601997.SH,L,20160816,,贵阳银行,SSE,主板,19,bucket_19.parquet
603000.SH,603000.SH,L,20120427,,人民网,SSE,主板,0,bucket_00.parquet
603005.SH,603005.SH,L,20140210,,晶方科技,SSE,主板,1,bucket_01.parquet
603009.SH,603009.SH,L,20140718,,北特科技,SSE,主板,1,bucket_01.parquet
603014.SH,603014.SH,L,20250519,,威高血净,SSE,主板,2,bucket_02.parquet
603025.SH,603025.SH,L,20150422,,大豪科技,SSE,主板,5,bucket_05.parquet
603026.SH,603026.SH,L,20150529,,石大胜华,SSE,主板,5,bucket_05.parquet
603027.SH,603027.SH,L,20160307,,千禾味业,SSE,主板,5,bucket_05.parquet
603033.SH,603033.SH,L,20161207,,三维股份,SSE,主板,6,bucket_06.parquet
603039.SH,603039.SH,L,20170113,,泛微网络,SSE,主板,7,bucket_07.parquet
603043.SH,603043.SH,L,20170627,,广州酒家,SSE,主板,8,bucket_08.parquet
603049.SH,603049.SH,L,20250605,,中策橡胶,SSE,主板,9,bucket_09.parquet
603055.SH,603055.SH,L,20170921,,台华新材,SSE,主板,11,bucket_11.parquet
603063.SH,603063.SH,L,20170728,,禾望电气,SSE,主板,12,bucket_12.parquet
603072.SH,603072.SH,L,20250103,,天和磁材,SSE,主板,14,bucket_14.parquet
603077.SH,603077.SH,L,20120731,,和邦生物,SSE,主板,15,bucket_15.parquet
603083.SH,603083.SH,L,20171110,,剑桥科技,SSE,主板,16,bucket_16.parquet
603087.SH,603087.SH,L,20200629,,甘李药业,SSE,主板,17,bucket_17.parquet
603099.SH,603099.SH,L,20140822,,长白山,SSE,主板,19,bucket_19.parquet
603100.SH,603100.SH,L,20140805,,川仪股份,SSE,主板,0,bucket_00.parquet
603103.SH,603103.SH,L,20171012,,横店影视,SSE,主板,0,bucket_00.parquet
603108.SH,603108.SH,L,20150527,,润达医疗,SSE,主板,1,bucket_01.parquet
603118.SH,603118.SH,L,20150225,,共进股份,SSE,主板,3,bucket_03.parquet
603119.SH,603119.SH,L,20230801,,浙江荣泰,SSE,主板,3,bucket_03.parquet
603127.SH,603127.SH,L,20170825,,昭衍新药,SSE,主板,5,bucket_05.parquet
603128.SH,603128.SH,L,20120529,,华贸物流,SSE,主板,5,bucket_05.parquet
603129.SH,603129.SH,L,20170818,,春风动力,SSE,主板,5,bucket_05.parquet
603156.SH,603156.SH,L,20180212,,养元饮品,SSE,主板,11,bucket_11.parquet
603160.SH,603160.SH,L,20161017,,汇顶科技,SSE,主板,12,bucket_12.parquet
603169.SH,603169.SH,L,20141009,,兰石重装,SSE,主板,13,bucket_13.parquet
603171.SH,603171.SH,L,20210630,,税友股份,SSE,主板,14,bucket_14.parquet
603179.SH,603179.SH,L,20170317,,新泉股份,SSE,主板,15,bucket_15.parquet
603193.SH,603193.SH,L,20231017,,润本股份,SSE,主板,18,bucket_18.parquet
603194.SH,603194.SH,L,20241224,,中力股份,SSE,主板,18,bucket_18.parquet
603197.SH,603197.SH,L,20170519,,保隆科技,SSE,主板,19,bucket_19.parquet
603202.SH,603202.SH,L,20250424,,天有为,SSE,主板,0,bucket_00.parquet
603218.SH,603218.SH,L,20161228,,日月股份,SSE,主板,3,bucket_03.parquet
603220.SH,603220.SH,L,20181115,,中贝通信,SSE,主板,4,bucket_04.parquet
603225.SH,603225.SH,L,20170418,,新凤鸣,SSE,主板,5,bucket_05.parquet
603227.SH,603227.SH,L,20150515,,雪峰科技,SSE,主板,5,bucket_05.parquet
603228.SH,603228.SH,L,20170106,,景旺电子,SSE,主板,5,bucket_05.parquet
603229.SH,603229.SH,L,20170509,,奥翔药业,SSE,主板,5,bucket_05.parquet
603233.SH,603233.SH,L,20170731,,大参林,SSE,主板,6,bucket_06.parquet
603236.SH,603236.SH,L,20190716,,移远通信,SSE,主板,7,bucket_07.parquet
603262.SH,603262.SH,L,20250723,,技源集团,SSE,主板,12,bucket_12.parquet
603267.SH,603267.SH,L,20190515,,鸿远电子,SSE,主板,13,bucket_13.parquet
603279.SH,603279.SH,L,20190729,,景津装备,SSE,主板,15,bucket_15.parquet
603283.SH,603283.SH,L,20171225,,赛腾股份,SSE,主板,16,bucket_16.parquet
603290.SH,603290.SH,L,20200204,,斯达半导,SSE,主板,18,bucket_18.parquet
603297.SH,603297.SH,L,20180910,,永新光学,SSE,主板,19,bucket_19.parquet
603298.SH,603298.SH,L,20161227,,杭叉集团,SSE,主板,19,bucket_19.parquet
603299.SH,603299.SH,L,20151231,,苏盐井神,SSE,主板,19,bucket_19.parquet
603300.SH,603300.SH,L,20150529,,海南华铁,SSE,主板,0,bucket_00.parquet
603305.SH,603305.SH,L,20170710,,旭升集团,SSE,主板,1,bucket_01.parquet
603306.SH,603306.SH,L,20140926,,华懋科技,SSE,主板,1,bucket_01.parquet
603308.SH,603308.SH,L,20140122,,应流股份,SSE,主板,1,bucket_01.parquet
603317.SH,603317.SH,L,20190416,,天味食品,SSE,主板,3,bucket_03.parquet
603323.SH,603323.SH,L,20161129,,苏农银行,SSE,主板,4,bucket_04.parquet
603328.SH,603328.SH,L,20140701,,依顿电子,SSE,主板,5,bucket_05.parquet
603338.SH,603338.SH,L,20150325,,浙江鼎力,SSE,主板,7,bucket_07.parquet
603341.SH,603341.SH,L,20240301,,龙旗科技,SSE,主板,8,bucket_08.parquet
603345.SH,603345.SH,L,20170222,,安井食品,SSE,主板,9,bucket_09.parquet
603355.SH,603355.SH,L,20150513,,莱克电气,SSE,主板,11,bucket_11.parquet
603358.SH,603358.SH,L,20170125,,华达科技,SSE,主板,11,bucket_11.parquet
603379.SH,603379.SH,L,20190402,,三美股份,SSE,主板,15,bucket_15.parquet
603383.SH,603383.SH,L,20170522,,顶点软件,SSE,主板,16,bucket_16.parquet
603393.SH,603393.SH,L,20160912,,新天然气,SSE,主板,18,bucket_18.parquet
603395.SH,603395.SH,L,20241126,,红四方,SSE,主板,19,bucket_19.parquet
603444.SH,603444.SH,L,20170104,,吉比特,SSE,主板,8,bucket_08.parquet
603456.SH,603456.SH,L,20141010,,九洲药业,SSE,主板,11,bucket_11.parquet
603477.SH,603477.SH,L,20171218,,巨星农牧,SSE,主板,15,bucket_15.parquet
603486.SH,603486.SH,L,20180528,,科沃斯,SSE,主板,17,bucket_17.parquet
603496.SH,603496.SH,L,20170607,,恒为科技,SSE,主板,19,bucket_19.parquet
603505.SH,603505.SH,L,20170503,,金石资源,SSE,主板,1,bucket_01.parquet
603508.SH,603508.SH,L,20151224,,思维列控,SSE,主板,1,bucket_01.parquet
603516.SH,603516.SH,L,20180202,,淳中科技,SSE,主板,3,bucket_03.parquet
603529.SH,603529.SH,L,20210615,,爱玛科技,SSE,主板,5,bucket_05.parquet
603530.SH,603530.SH,L,20190805,,神马电力,SSE,主板,6,bucket_06.parquet
603556.SH,603556.SH,L,20161110,,海兴电力,SSE,主板,11,bucket_11.parquet
603565.SH,603565.SH,L,20200925,,中谷物流,SSE,主板,13,bucket_13.parquet
603567.SH,603567.SH,L,20150424,,珍宝岛,SSE,主板,13,bucket_13.parquet
603568.SH,603568.SH,L,20150528,,伟明环保,SSE,主板,13,bucket_13.parquet
603583.SH,603583.SH,L,20180921,,捷昌驱动,SSE,主板,16,bucket_16.parquet
603588.SH,603588.SH,L,20141229,,高能环境,SSE,主板,17,bucket_17.parquet
603589.SH,603589.SH,L,20150629,,口子窖,SSE,主板,17,bucket_17.parquet
603596.SH,603596.SH,L,20180427,,伯特利,SSE,主板,19,bucket_19.parquet
603599.SH,603599.SH,L,20150513,,广信股份,SSE,主板,19,bucket_19.parquet
603605.SH,603605.SH,L,20171115,,珀莱雅,SSE,主板,1,bucket_01.parquet
603606.SH,603606.SH,L,20141015,,东方电缆,SSE,主板,1,bucket_01.parquet
603612.SH,603612.SH,L,20170718,,索通发展,SSE,主板,2,bucket_02.parquet
603613.SH,603613.SH,L,20190730,,国联股份,SSE,主板,2,bucket_02.parquet
603619.SH,603619.SH,L,20171117,,中曼石油,SSE,主板,3,bucket_03.parquet
603638.SH,603638.SH,L,20170120,,艾迪精密,SSE,主板,7,bucket_07.parquet
603650.SH,603650.SH,L,20180627,,彤程新材,SSE,主板,10,bucket_10.parquet
603658.SH,603658.SH,L,20160901,,安图生物,SSE,主板,11,bucket_11.parquet
603659.SH,603659.SH,L,20171103,,璞泰来,SSE,主板,11,bucket_11.parquet
603662.SH,603662.SH,L,20190806,,柯力传感,SSE,主板,12,bucket_12.parquet
603663.SH,603663.SH,L,20160801,,三祥新材,SSE,主板,12,bucket_12.parquet
603667.SH,603667.SH,L,20161025,,五洲新春,SSE,主板,13,bucket_13.parquet
603678.SH,603678.SH,L,20150126,,火炬电子,SSE,主板,15,bucket_15.parquet
603688.SH,603688.SH,L,20141031,,石英股份,SSE,主板,17,bucket_17.parquet
603690.SH,603690.SH,L,20170113,,至纯科技,SSE,主板,18,bucket_18.parquet
603693.SH,603693.SH,L,20180703,,江苏新能,SSE,主板,18,bucket_18.parquet
603698.SH,603698.SH,L,20150128,,航天工程,SSE,主板,19,bucket_19.parquet
603699.SH,603699.SH,L,20140117,,纽威股份,SSE,主板,19,bucket_19.parquet
603707.SH,603707.SH,L,20170719,,健友股份,SSE,主板,1,bucket_01.parquet
603713.SH,603713.SH,L,20180713,,密尔克卫,SSE,主板,2,bucket_02.parquet
603728.SH,603728.SH,L,20170509,,鸣志电器,SSE,主板,5,bucket_05.parquet
603730.SH,603730.SH,L,20170728,,岱美股份,SSE,主板,6,bucket_06.parquet
603733.SH,603733.SH,L,20180420,,仙鹤股份,SSE,主板,6,bucket_06.parquet
603737.SH,603737.SH,L,20160603,,三棵树,SSE,主板,7,bucket_07.parquet
603766.SH,603766.SH,L,20120810,,隆鑫通用,SSE,主板,13,bucket_13.parquet
603786.SH,603786.SH,L,20191015,,科博达,SSE,主板,17,bucket_17.parquet
603806.SH,603806.SH,L,20140905,,福斯特,SSE,主板,1,bucket_01.parquet
603809.SH,603809.SH,L,20171128,,豪能股份,SSE,主板,1,bucket_01.parquet
603816.SH,603816.SH,L,20161014,,顾家家居,SSE,主板,3,bucket_03.parquet
603826.SH,603826.SH,L,20170414,,坤彩科技,SSE,主板,5,bucket_05.parquet
603833.SH,603833.SH,L,20170328,,欧派家居,SSE,主板,6,bucket_06.parquet
603858.SH,603858.SH,L,20161118,,步长制药,SSE,主板,11,bucket_11.parquet
603866.SH,603866.SH,L,20151222,,桃李面包,SSE,主板,13,bucket_13.parquet
603871.SH,603871.SH,L,20180206,,嘉友国际,SSE,主板,14,bucket_14.parquet
603876.SH,603876.SH,L,20180418,,鼎胜新材,SSE,主板,15,bucket_15.parquet
603881.SH,603881.SH,L,20170208,,数据港,SSE,主板,16,bucket_16.parquet
603883.SH,603883.SH,L,20150423,,老百姓,SSE,主板,16,bucket_16.parquet
603885.SH,603885.SH,L,20150527,,吉祥航空,SSE,主板,17,bucket_17.parquet
603887.SH,603887.SH,L,20161010,,城地香江,SSE,主板,17,bucket_17.parquet
603888.SH,603888.SH,L,20161028,,新华网,SSE,主板,17,bucket_17.parquet
603899.SH,603899.SH,L,20150127,,晨光股份,SSE,主板,19,bucket_19.parquet
603915.SH,603915.SH,L,20190614,,国茂股份,SSE,主板,3,bucket_03.parquet
603919.SH,603919.SH,L,20160310,,金徽酒,SSE,主板,3,bucket_03.parquet
603920.SH,603920.SH,L,20170426,,世运电路,SSE,主板,4,bucket_04.parquet
603927.SH,603927.SH,L,20190909,,中科软,SSE,主板,5,bucket_05.parquet
603939.SH,603939.SH,L,20150217,,益丰药房,SSE,主板,7,bucket_07.parquet
603979.SH,603979.SH,L,20150630,,金诚信,SSE,主板,15,bucket_15.parquet
603997.SH,603997.SH,L,20150302,,继峰股份,SSE,主板,19,bucket_19.parquet
605011.SH,605011.SH,L,20210630,,杭州热电,SSE,主板,2,bucket_02.parquet
605020.SH,605020.SH,L,20210709,,永和股份,SSE,主板,4,bucket_04.parquet
605090.SH,605090.SH,L,20210525,,九丰能源,SSE,主板,18,bucket_18.parquet
605111.SH,605111.SH,L,20200928,,新洁能,SSE,主板,2,bucket_02.parquet
605123.SH,605123.SH,L,20200825,,派克新材,SSE,主板,4,bucket_04.parquet
605358.SH,605358.SH,L,20200911,,立昂微,SSE,主板,11,bucket_11.parquet
605376.SH,605376.SH,L,20201208,,博迁新材,SSE,主板,15,bucket_15.parquet
605589.SH,605589.SH,L,20210810,,圣泉集团,SSE,主板,17,bucket_17.parquet
688001.SH,688001.SH,L,20190722,,华兴源创,SSE,科创板,0,bucket_00.parquet
688002.SH,688002.SH,L,20190722,,睿创微纳,SSE,科创板,0,bucket_00.parquet
688003.SH,688003.SH,L,20190722,,天准科技,SSE,科创板,0,bucket_00.parquet
688005.SH,688005.SH,L,20190722,,容百科技,SSE,科创板,1,bucket_01.parquet
688006.SH,688006.SH,L,20190722,,杭可科技,SSE,科创板,1,bucket_01.parquet
688007.SH,688007.SH,L,20190722,,光峰科技,SSE,科创板,1,bucket_01.parquet
688016.SH,688016.SH,L,20190722,,心脉医疗,SSE,科创板,3,bucket_03.parquet
688017.SH,688017.SH,L,20200828,,绿的谐波,SSE,科创板,3,bucket_03.parquet
688018.SH,688018.SH,L,20190722,,乐鑫科技,SSE,科创板,3,bucket_03.parquet
688019.SH,688019.SH,L,20190722,,安集科技,SSE,科创板,3,bucket_03.parquet
688027.SH,688027.SH,L,20200709,,国盾量子,SSE,科创板,5,bucket_05.parquet
688029.SH,688029.SH,L,20190722,,南微医学,SSE,科创板,5,bucket_05.parquet
688032.SH,688032.SH,L,20211220,,禾迈股份,SSE,科创板,6,bucket_06.parquet
688037.SH,688037.SH,L,20191216,,芯源微,SSE,科创板,7,bucket_07.parquet
688048.SH,688048.SH,L,20220401,,长光华芯,SSE,科创板,9,bucket_09.parquet
688050.SH,688050.SH,L,20200729,,爱博医疗,SSE,科创板,10,bucket_10.parquet
688052.SH,688052.SH,L,20220422,,纳芯微,SSE,科创板,10,bucket_10.parquet
688062.SH,688062.SH,L,20220118,,迈威生物,SSE,科创板,12,bucket_12.parquet
688063.SH,688063.SH,L,20201230,,派能科技,SSE,科创板,12,bucket_12.parquet
688065.SH,688065.SH,L,20200812,,凯赛生物,SSE,科创板,13,bucket_13.parquet
688068.SH,688068.SH,L,20190930,,热景生物,SSE,科创板,13,bucket_13.parquet
688083.SH,688083.SH,L,20210311,,中望软件,SSE,科创板,16,bucket_16.parquet
688088.SH,688088.SH,L,20190722,,虹软科技,SSE,科创板,17,bucket_17.parquet
688091.SH,688091.SH,L,20210909,,上海谊众,SSE,科创板,18,bucket_18.parquet
688097.SH,688097.SH,L,20210512,,博众精工,SSE,科创板,19,bucket_19.parquet
688099.SH,688099.SH,L,20190808,,晶晨股份,SSE,科创板,19,bucket_19.parquet
688100.SH,688100.SH,L,20200121,,威胜信息,SSE,科创板,0,bucket_00.parquet
688102.SH,688102.SH,L,20220316,,斯瑞新材,SSE,科创板,0,bucket_00.parquet
688106.SH,688106.SH,L,20200616,,金宏气体,SSE,科创板,1,bucket_01.parquet
688107.SH,688107.SH,L,20211112,,安路科技,SSE,科创板,1,bucket_01.parquet
688110.SH,688110.SH,L,20211210,,东芯股份,SSE,科创板,2,bucket_02.parquet
688114.SH,688114.SH,L,20220909,,华大智造,SSE,科创板,2,bucket_02.parquet
688116.SH,688116.SH,L,20190925,,天奈科技,SSE,科创板,3,bucket_03.parquet
688120.SH,688120.SH,L,20220608,,华海清科,SSE,科创板,4,bucket_04.parquet
688122.SH,688122.SH,L,20190722,,西部超导,SSE,科创板,4,bucket_04.parquet
688123.SH,688123.SH,L,20191223,,聚辰股份,SSE,科创板,4,bucket_04.parquet
688127.SH,688127.SH,L,20200921,,蓝特光学,SSE,科创板,5,bucket_05.parquet
688128.SH,688128.SH,L,20191105,,中国电研,SSE,科创板,5,bucket_05.parquet
688131.SH,688131.SH,L,20210608,,皓元医药,SSE,科创板,6,bucket_06.parquet
688139.SH,688139.SH,L,20191025,,海尔生物,SSE,科创板,7,bucket_07.parquet
688141.SH,688141.SH,L,20221223,,杰华特,SSE,科创板,8,bucket_08.parquet
688146.SH,688146.SH,L,20230421,,中船特气,SSE,科创板,9,bucket_09.parquet
688147.SH,688147.SH,L,20221223,,微导纳米,SSE,科创板,9,bucket_09.parquet
688150.SH,688150.SH,L,20220318,,莱特光电,SSE,科创板,10,bucket_10.parquet
688153.SH,688153.SH,L,20220412,,唯捷创芯,SSE,科创板,10,bucket_10.parquet
688158.SH,688158.SH,L,20200120,,优刻得,SSE,科创板,11,bucket_11.parquet
688165.SH,688165.SH,L,20200715,,埃夫特,SSE,科创板,13,bucket_13.parquet
688166.SH,688166.SH,L,20191108,,博瑞医药,SSE,科创板,13,bucket_13.parquet
688172.SH,688172.SH,L,20221216,,燕东微,SSE,科创板,14,bucket_14.parquet
688177.SH,688177.SH,L,20200221,,百奥泰,SSE,科创板,15,bucket_15.parquet
688180.SH,688180.SH,L,20200715,,君实生物,SSE,科创板,16,bucket_16.parquet
688182.SH,688182.SH,L,20211116,,灿勤科技,SSE,科创板,16,bucket_16.parquet
688183.SH,688183.SH,L,20210225,,生益电子,SSE,科创板,16,bucket_16.parquet
688185.SH,688185.SH,L,20200813,,康希诺,SSE,科创板,17,bucket_17.parquet
688188.SH,688188.SH,L,20190808,,柏楚电子,SSE,科创板,17,bucket_17.parquet
688190.SH,688190.SH,L,20211126,,云路股份,SSE,科创板,18,bucket_18.parquet
688192.SH,688192.SH,L,20211210,,迪哲医药,SSE,科创板,18,bucket_18.parquet
688200.SH,688200.SH,L,20200218,,华峰测控,SSE,科创板,0,bucket_00.parquet
688205.SH,688205.SH,L,20220809,,德科立,SSE,科创板,1,bucket_01.parquet
688206.SH,688206.SH,L,20211228,,概伦电子,SSE,科创板,1,bucket_01.parquet
688208.SH,688208.SH,L,20200213,,道通科技,SSE,科创板,1,bucket_01.parquet
688209.SH,688209.SH,L,20220419,,英集芯,SSE,科创板,1,bucket_01.parquet
688213.SH,688213.SH,L,20220520,,思特威,SSE,科创板,2,bucket_02.parquet
688220.SH,688220.SH,L,20220114,,翱捷科技,SSE,科创板,4,bucket_04.parquet
688232.SH,688232.SH,L,20211117,,新点软件,SSE,科创板,6,bucket_06.parquet
688234.SH,688234.SH,L,20220112,,天岳先进,SSE,科创板,6,bucket_06.parquet
688235.SH,688235.SH,L,20211215,,百济神州,SSE,科创板,7,bucket_07.parquet
688248.SH,688248.SH,L,20211222,,南网科技,SSE,科创板,9,bucket_09.parquet
688252.SH,688252.SH,L,20220927,,天德钰,SSE,科创板,10,bucket_10.parquet
688262.SH,688262.SH,L,20220106,,国芯科技,SSE,科创板,12,bucket_12.parquet
688266.SH,688266.SH,L,20200123,,泽璟制药,SSE,科创板,13,bucket_13.parquet
688276.SH,688276.SH,L,20210625,,百克生物,SSE,科创板,15,bucket_15.parquet
688278.SH,688278.SH,L,20200117,,特宝生物,SSE,科创板,15,bucket_15.parquet
688279.SH,688279.SH,L,20220420,,峰岹科技,SSE,科创板,15,bucket_15.parquet
688281.SH,688281.SH,L,20220307,,华秦科技,SSE,科创板,16,bucket_16.parquet
688289.SH,688289.SH,L,20200828,,圣湘生物,SSE,科创板,17,bucket_17.parquet
688295.SH,688295.SH,L,20220406,,中复神鹰,SSE,科创板,19,bucket_19.parquet
688297.SH,688297.SH,L,20220629,,中无人机,SSE,科创板,19,bucket_19.parquet
688300.SH,688300.SH,L,20191115,,联瑞新材,SSE,科创板,0,bucket_00.parquet
688301.SH,688301.SH,L,20200918,,奕瑞科技,SSE,科创板,0,bucket_00.parquet
688306.SH,688306.SH,L,20220322,,均普智能,SSE,科创板,1,bucket_01.parquet
688313.SH,688313.SH,L,20200812,,仕佳光子,SSE,科创板,2,bucket_02.parquet
688318.SH,688318.SH,L,20200427,,财富趋势,SSE,科创板,3,bucket_03.parquet
688321.SH,688321.SH,L,20190812,,微芯生物,SSE,科创板,4,bucket_04.parquet
688322.SH,688322.SH,L,20220707,,奥比中光,SSE,科创板,4,bucket_04.parquet
688326.SH,688326.SH,L,20220419,,经纬恒润,SSE,科创板,5,bucket_05.parquet
688327.SH,688327.SH,L,20220527,,云从科技,SSE,科创板,5,bucket_05.parquet
688331.SH,688331.SH,L,20220331,,荣昌生物,SSE,科创板,6,bucket_06.parquet
688332.SH,688332.SH,L,20220715,,中科蓝讯,SSE,科创板,6,bucket_06.parquet
688333.SH,688333.SH,L,20190722,,铂力特,SSE,科创板,6,bucket_06.parquet
688336.SH,688336.SH,L,20200722,,三生国健,SSE,科创板,7,bucket_07.parquet
688337.SH,688337.SH,L,20220408,,普源精电,SSE,科创板,7,bucket_07.parquet
688343.SH,688343.SH,L,20230404,,云天励飞,SSE,科创板,8,bucket_08.parquet
688347.SH,688347.SH,L,20230807,,华虹宏力,SSE,科创板,9,bucket_09.parquet
688348.SH,688348.SH,L,20220608,,昱能科技,SSE,科创板,9,bucket_09.parquet
688349.SH,688349.SH,L,20220622,,三一重能,SSE,科创板,9,bucket_09.parquet
688351.SH,688351.SH,L,20220831,,微电生理,SSE,科创板,10,bucket_10.parquet
688352.SH,688352.SH,L,20230420,,颀中科技,SSE,科创板,10,bucket_10.parquet
688361.SH,688361.SH,L,20230519,,中科飞测,SSE,科创板,12,bucket_12.parquet
688362.SH,688362.SH,L,20221116,,甬矽电子,SSE,科创板,12,bucket_12.parquet
688363.SH,688363.SH,L,20191106,,华熙生物,SSE,科创板,12,bucket_12.parquet
688372.SH,688372.SH,L,20221026,,伟测科技,SSE,科创板,14,bucket_14.parquet
688375.SH,688375.SH,L,20220722,,国博电子,SSE,科创板,15,bucket_15.parquet
688380.SH,688380.SH,L,20220805,,中微半导,SSE,科创板,16,bucket_16.parquet
688382.SH,688382.SH,L,20220725,,益方生物,SSE,科创板,16,bucket_16.parquet
688385.SH,688385.SH,L,20210804,,复旦微电,SSE,科创板,17,bucket_17.parquet
688387.SH,688387.SH,L,20220926,,信科移动,SSE,科创板,17,bucket_17.parquet
688390.SH,688390.SH,L,20200904,,固德威,SSE,科创板,18,bucket_18.parquet
688400.SH,688400.SH,L,20220706,,凌云光,SSE,科创板,0,bucket_00.parquet
688403.SH,688403.SH,L,20220818,,汇成股份,SSE,科创板,0,bucket_00.parquet
688408.SH,688408.SH,L,20200828,,中信博,SSE,科创板,1,bucket_01.parquet
688409.SH,688409.SH,L,20221010,,富创精密,SSE,科创板,1,bucket_01.parquet
688425.SH,688425.SH,L,20210622,,铁建重工,SSE,科创板,5,bucket_05.parquet
688432.SH,688432.SH,L,20221110,,有研硅,SSE,科创板,6,bucket_06.parquet
688433.SH,688433.SH,L,20230417,,华曙高科,SSE,科创板,6,bucket_06.parquet
688439.SH,688439.SH,L,20220826,,振华风光,SSE,科创板,7,bucket_07.parquet
688443.SH,688443.SH,L,20230620,,智翔金泰,SSE,科创板,8,bucket_08.parquet
688469.SH,688469.SH,L,20230510,,芯联集成,SSE,科创板,13,bucket_13.parquet
688475.SH,688475.SH,L,20221228,,萤石网络,SSE,科创板,15,bucket_15.parquet
688484.SH,688484.SH,L,20230407,,南芯科技,SSE,科创板,16,bucket_16.parquet
688486.SH,688486.SH,L,20230221,,龙迅股份,SSE,科创板,17,bucket_17.parquet
688498.SH,688498.SH,L,20221221,,源杰科技,SSE,科创板,19,bucket_19.parquet
688502.SH,688502.SH,L,20230309,,茂莱光学,SSE,科创板,0,bucket_00.parquet
688503.SH,688503.SH,L,20221209,,聚和材料,SSE,科创板,0,bucket_00.parquet
688515.SH,688515.SH,L,20230210,,裕太微,SSE,科创板,3,bucket_03.parquet
688516.SH,688516.SH,L,20200521,,奥特维,SSE,科创板,3,bucket_03.parquet
688519.SH,688519.SH,L,20200818,,南亚新材,SSE,科创板,3,bucket_03.parquet
688520.SH,688520.SH,L,20200622,,神州细胞,SSE,科创板,4,bucket_04.parquet
688522.SH,688522.SH,L,20230301,,纳睿雷达,SSE,科创板,4,bucket_04.parquet
688523.SH,688523.SH,L,20230602,,航天环宇,SSE,科创板,4,bucket_04.parquet
688525.SH,688525.SH,L,20221230,,佰维存储,SSE,科创板,5,bucket_05.parquet
688536.SH,688536.SH,L,20200921,,思瑞浦,SSE,科创板,7,bucket_07.parquet
688538.SH,688538.SH,L,20210528,,和辉光电,SSE,科创板,7,bucket_07.parquet
688543.SH,688543.SH,L,20230621,,国科军工,SSE,科创板,8,bucket_08.parquet
688548.SH,688548.SH,L,20230815,,广钢气体,SSE,科创板,9,bucket_09.parquet
688549.SH,688549.SH,L,20230908,,中巨芯,SSE,科创板,9,bucket_09.parquet
688552.SH,688552.SH,L,20230518,,航天南湖,SSE,科创板,10,bucket_10.parquet
688559.SH,688559.SH,L,20200909,,海目星,SSE,科创板,11,bucket_11.parquet
688561.SH,688561.SH,L,20200722,,奇安信,SSE,科创板,12,bucket_12.parquet
688563.SH,688563.SH,L,20230719,,航材股份,SSE,科创板,12,bucket_12.parquet
688567.SH,688567.SH,L,20200717,,孚能科技,SSE,科创板,13,bucket_13.parquet
688568.SH,688568.SH,L,20200708,,中科星图,SSE,科创板,13,bucket_13.parquet
688575.SH,688575.SH,L,20210517,,亚辉龙,SSE,科创板,15,bucket_15.parquet
688578.SH,688578.SH,L,20201202,,艾力斯,SSE,科创板,15,bucket_15.parquet
688582.SH,688582.SH,L,20230630,,芯动联科,SSE,科创板,16,bucket_16.parquet
688584.SH,688584.SH,L,20240208,,上海合晶,SSE,科创板,16,bucket_16.parquet
688586.SH,688586.SH,L,20200731,,江航装备,SSE,科创板,17,bucket_17.parquet
688591.SH,688591.SH,L,20230825,,泰凌微,SSE,科创板,18,bucket_18.parquet
688596.SH,688596.SH,L,20200820,,正帆科技,SSE,科创板,19,bucket_19.parquet
688599.SH,688599.SH,L,20200610,,天合光能,SSE,科创板,19,bucket_19.parquet
688608.SH,688608.SH,L,20201216,,恒玄科技,SSE,科创板,1,bucket_01.parquet
688612.SH,688612.SH,L,20230726,,威迈斯,SSE,科创板,2,bucket_02.parquet
688615.SH,688615.SH,L,20240926,,合合信息,SSE,科创板,3,bucket_03.parquet
688617.SH,688617.SH,L,20210107,,惠泰医疗,SSE,科创板,3,bucket_03.parquet
688629.SH,688629.SH,L,20230627,,华丰科技,SSE,科创板,5,bucket_05.parquet
688630.SH,688630.SH,L,20210401,,芯碁微装,SSE,科创板,6,bucket_06.parquet
688631.SH,688631.SH,L,20230628,,莱斯信息,SSE,科创板,6,bucket_06.parquet
688639.SH,688639.SH,L,20210422,,华恒生物,SSE,科创板,7,bucket_07.parquet
688652.SH,688652.SH,L,20231129,,京仪装备,SSE,科创板,10,bucket_10.parquet
688658.SH,688658.SH,L,20201224,,悦康药业,SSE,科创板,11,bucket_11.parquet
688660.SH,688660.SH,L,20210519,,电气风电,SSE,科创板,12,bucket_12.parquet
688676.SH,688676.SH,L,20210309,,金盘科技,SSE,科创板,15,bucket_15.parquet
688686.SH,688686.SH,L,20201231,,奥普特,SSE,科创板,17,bucket_17.parquet
688690.SH,688690.SH,L,20210623,,纳微科技,SSE,科创板,18,bucket_18.parquet
688692.SH,688692.SH,L,20240612,,达梦数据,SSE,科创板,18,bucket_18.parquet
688696.SH,688696.SH,L,20210303,,极米科技,SSE,科创板,19,bucket_19.parquet
688698.SH,688698.SH,L,20201229,,伟创电气,SSE,科创板,19,bucket_19.parquet
688700.SH,688700.SH,L,20210615,,东威科技,SSE,科创板,0,bucket_00.parquet
688702.SH,688702.SH,L,20230914,,盛科通信,SSE,科创板,0,bucket_00.parquet
688709.SH,688709.SH,L,20240207,,成都华微,SSE,科创板,1,bucket_01.parquet
688717.SH,688717.SH,L,20240103,,艾罗能源,SSE,科创板,3,bucket_03.parquet
688726.SH,688726.SH,L,20241029,,拉普拉斯,SSE,科创板,5,bucket_05.parquet
688728.SH,688728.SH,L,20210818,,格科微,SSE,科创板,5,bucket_05.parquet
688739.SH,688739.SH,L,20211028,,成大生物,SSE,科创板,7,bucket_07.parquet
688766.SH,688766.SH,L,20210823,,普冉股份,SSE,科创板,13,bucket_13.parquet
688772.SH,688772.SH,L,20211015,,珠海冠宇,SSE,科创板,14,bucket_14.parquet
688776.SH,688776.SH,L,20210831,,国光电气,SSE,科创板,15,bucket_15.parquet
688777.SH,688777.SH,L,20201124,,中控技术,SSE,科创板,15,bucket_15.parquet
688778.SH,688778.SH,L,20210805,,厦钨新能,SSE,科创板,15,bucket_15.parquet
688779.SH,688779.SH,L,20210811,,五矿新能,SSE,科创板,15,bucket_15.parquet
688789.SH,688789.SH,L,20210708,,宏华数科,SSE,科创板,17,bucket_17.parquet
688798.SH,688798.SH,L,20210816,,艾为电子,SSE,科创板,19,bucket_19.parquet
688800.SH,688800.SH,L,20210722,,瑞可达,SSE,科创板,0,bucket_00.parquet
688819.SH,688819.SH,L,20210118,,天能股份,SSE,科创板,3,bucket_03.parquet
689009.SH,689009.SH,L,20201029,,九号公司,SSE,科创板,1,bucket_01.parquet
001369.SZ,001369.SZ,L,20251230,,双欣材料,SZSE,主板,13,bucket_13.parquet
601112.SH,601112.SH,L,20260129,,振石股份,SSE,主板,2,bucket_02.parquet
603248.SH,603248.SH,L,20251223,,锡华科技,SSE,主板,9,bucket_09.parquet
603402.SH,603402.SH,L,20260106,,陕西旅游,SSE,主板,0,bucket_00.parquet
