feature,importance_gain,importance_split
mean_15m_range,521956.20920562744,92
beta_to_sw_l2_20d_lag3,127164.27200317383,2
mean_15m_range_lag1,73592.86474609375,54
ret_1_rel_csi1500_ew_lag2,35970.6015625,1
mean_15m_range_lag2,31958.850593566895,26
mkt_mf_inst_ma_3_lag1,30039.202362060547,110
max_5m_range,24980.665351867676,21
csi1500_ew_mom_10,20872.862586975098,130
max_15m_range,18359.16111755371,20
turnover_f_log,16507.903930664062,66
mean_15m_range_lag3,11749.492656707764,32
max_15m_range_lag1,11457.274360656738,18
max_15m_range_lag2,11023.166900634766,19
margin_pressure,10436.298431396484,45
sw_l2_oc_ret_lag10,10427.271896362305,5
mkt_mf_inst_ma_5_lag1,9934.868125915527,53
bipower_variation,9823.1298828125,17
spx_swing_lag1,9142.860710144043,40
csi1500_mcap_mom_5_lag3,8291.46646118164,30
max_15m_range_lag3,8259.007019042969,16
margin_pressure_lag1,7479.203941345215,26
max_15m_range_lag5,6750.587951660156,21
csi1500_mcap_mom_5_lag2,6081.587207794189,48
mkt_mf_inst_ma_5_lag3,5699.668083190918,55
csi1500_ew_mom_5_lag2,5575.601707458496,21
mkt_ret_spread_lag3,5304.812652587891,26
mean_15m_range_lag5,5182.4750900268555,25
turnover_f_log_lag1,4864.645973205566,14
spx_vol_z_lag2,4582.872509002686,45
mean_5m_range,4464.973037719727,9
ixic_vol_z_lag3,4357.730480194092,39
csi1500_mcap_top10_weight_lag1,4288.01171875,41
variance_top20_share_lag1,4144.733123779297,26
n225_ret_lag5,4073.35457611084,35
csi1500_mcap_mom_10,4045.1238899230957,25
late_up_bar_ratio,3977.3185424804688,12
last_5m_range,3851.9629821777344,14
vol_over_csi1500_mcap_vol_lag10,3681.3321266174316,28
mkt_flow_concentration_lag5,3608.4733963012695,32
mkt_mf_inst_ma_3_lag2,3605.7051010131836,20
mkt_ret_sh_lag1,3355.369888305664,27
realized_vol_1m_lag3,3344.3500595092773,6
mkt_mf_inst_ma_5_lag2,3266.4766883850098,23
hsi_ret,3221.530906677246,30
mkt_mf_inst_ma_3,3140.7287788391113,24
hktech_swing_lag3,3132.644390106201,33
hsi_ret_lag1,3103.0637702941895,27
csi1500_mcap_mom_20,3039.3579330444336,25
ixic_vol_z_lag2,3037.2025833129883,28
vol_over_csi1500_ew_vol_lag10,3006.140396118164,24
vwap_log_ret_3_minus_10_lag5,2992.8127975463867,11
circ_mv_z,2942.7848739624023,23
spx_vol_z_lag3,2916.965003967285,33
csi1500_ew_mom_20_lag2,2891.5515747070312,17
csi1500_ew_mom_20_lag1,2891.3098754882812,17
mkt_mf_inst_z_20_lag5,2848.3333892822266,15
csi1500_mcap_mom_2_lag1,2815.9887619018555,17
xin9_swing_lag2,2799.6749954223633,28
mkt_mf_inst_rate_lag15,2742.103904724121,14
csi1500_ew_mom_10_lag3,2705.714683532715,20
beta_to_csi1500_ew_20d_lag20,2672.3859100341797,26
mkt_limit_up_count_lag1,2651.7318077087402,15
csi1500_mcap_ret_std_20,2609.6338119506836,19
last_10m_range,2569.2670135498047,7
variance_top20_share_lag2,2556.0682945251465,18
hurst_intraday_lag2,2552.5391998291016,19
csi1500_mcap_top10_weight,2548.0983963012695,26
vwap_high_ratio_lag7,2547.4253158569336,15
mkt_mf_inst_rate_lag7,2541.7120056152344,25
up_bar_ratio_lag2,2534.8621673583984,11
csi1500_ew_mom_10_lag1,2520.2357025146484,21
days_since_last_limit_event_60,2508.3607139587402,23
max_5m_ret,2472.373001098633,7
total_mv_z,2404.696708679199,20
n225_ret_lag1,2391.266414642334,25
max_1m_ret,2389.2469177246094,10
variance_top20_share,2382.449794769287,15
vol_over_csi1500_mcap_vol_lag20,2361.954574584961,21
mkt_mf_inst_ma_3_lag5,2345.474899291992,16
sw_l2_mom_20_lag5,2326.6644020080566,25
mkt_limit_down_count,2256.3712844848633,21
csi1500_mcap_mom_5_lag5,2249.9776039123535,20
csi1500_ew_down_ratio_lag1,2240.0690841674805,8
mkt_ret_sz_lag2,2237.305244445801,14
hsi_swing_lag5,2224.5190963745117,24
ixic_swing_lag5,2210.781394958496,21
n225_ret_lag2,2178.4130249023438,23
csi1500_mcap_mom_10_lag1,2126.153480529785,10
ixic_swing_lag2,2107.435615539551,22
vol_over_csi1500_ew_vol_lag20,2105.802402496338,21
morning_range,2077.55574798584,7
vwap_high_ratio_lag4,2076.448974609375,7
ixic_ret_lag1,2014.8299026489258,22
csi1500_ew_ret_std_20_lag1,2002.6580429077148,14
vwap_z_lag15,1992.9063186645508,18
spx_ret_lag1,1939.0235977172852,20
spx_swing_lag3,1907.0053253173828,20
csi1500_ew_mom_10_lag5,1905.3069915771484,21
realized_vol_5m_lag1,1888.4380111694336,6
spx_vol_z_lag1,1867.654197692871,17
vwap_high_ratio_lag9,1850.0877990722656,12
hktech_swing_lag5,1822.0390853881836,12
mkt_mf_inst_ma_5,1796.2347259521484,13
variance_top20_share_lag5,1779.428108215332,11
n225_swing_lag3,1759.7951889038086,18
max_5m_range_lag1,1741.897274017334,6
vol_over_csi1500_mcap_vol,1733.5478057861328,14
min_5m_ret,1726.8169403076172,5
mkt_limit_down_count_lag5,1720.265308380127,18
csi1500_ew_ret_lag1,1713.5244789123535,10
fd_ratio_log,1683.3026885986328,11
mkt_pos_rate_lag5,1671.1828994750977,5
csi1500_mcap_mom_10_lag5,1661.7482147216797,18
csi1500_mcap_ret_lag1,1645.5839920043945,12
mkt_ret_sz,1641.797492980957,12
mkt_mf_inst_rate_lag1,1636.9985961914062,7
xin9_swing_lag1,1633.33109664917,16
csi1500_mcap_mom_20_lag1,1604.8501892089844,15
csi1500_ew_mom_3,1597.69730758667,17
csi1500_ew_mom_5_lag3,1560.6743927001953,12
mkt_mf_inst_ma_5_lag5,1538.0689888000488,14
mkt_mf_inst_rate_lag20,1533.1667022705078,13
mkt_gt5_rate_lag1,1524.5031929016113,16
csi1500_mcap_mom_3_lag5,1520.231201171875,14
vwap_high_ratio_lag8,1514.217514038086,12
n225_swing_lag2,1510.542007446289,15
mkt_mf_inst_ma_3_lag3,1502.7100067138672,12
csi1500_ew_mom_20,1498.566879272461,13
variance_top20_share_lag3,1498.523811340332,11
max_vwap_distance,1478.5579833984375,6
csi1500_mcap_mom_2_lag2,1443.7096061706543,14
hktech_ret,1440.5508155822754,14
last30_vol_share,1428.4368209838867,6
csi1500_ew_mom_3_lag5,1425.7513008117676,13
csi1500_mcap_mom_5_lag1,1416.4504928588867,11
sw_l2_market_alpha_ew_5_lag3,1414.860092163086,11
hsi_swing_lag1,1401.7765045166016,16
realized_down_semivar_lag1,1398.558822631836,10
ret_1,1396.272304534912,12
realized_down_semivar,1383.458984375,3
mkt_ret_spread_lag1,1381.4850006103516,13
beta_to_csi1500_ew_20d_lag10,1378.6283950805664,13
sw_l2_ret_rel_csi1500_mcap,1370.7350158691406,11
down_bar_ratio_lag3,1363.9344863891602,10
csi1500_ew_mom_3_lag2,1357.435401916504,13
csi1500_mcap_mom_10_lag3,1347.5694885253906,15
margin_pressure_lag2,1346.9635162353516,10
ret_5_minus_ret_20_lag5,1340.8262786865234,10
csi1500_ew_ret_std_20_lag5,1335.379295349121,13
mkt_ret_sh_lag5,1323.1584854125977,12
csi1500_mcap_mom_3,1319.8887023925781,12
margin_pressure_lag3,1313.2457885742188,7
xin9_swing_lag3,1311.5964126586914,12
turnover_prank_1500_lag3,1311.1309967041016,5
hktech_swing_lag1,1305.0434837341309,15
spx_swing_lag2,1301.3963088989258,14
hsi_ret_lag2,1298.649314880371,14
mkt_flow_concentration_lag2,1295.8100891113281,9
sw_l2_mom_3,1292.1795959472656,10
spx_ret,1288.2811889648438,12
max_5m_range_lag2,1285.0592498779297,5
hurst_intraday,1270.1104888916016,7
ixic_vol_z_lag1,1268.082992553711,12
mkt_mf_inst_rate_lag4,1265.539405822754,10
max_5m_range_lag3,1261.1479949951172,4
n225_ret_lag3,1258.3612022399902,12
csi1500_mcap_mom_3_lag1,1257.4740905761719,11
mkt_gt3_rate_lag2,1247.007999420166,13
mkt_ret_sh_lag2,1237.9573059082031,11
csi1500_mcap_mom_2_lag5,1232.365005493164,9
mkt_mf_inst_z_20_lag1,1223.1581954956055,9
ixic_ret,1221.883701324463,14
xin9_ret_lag3,1219.708511352539,15
return_autocorr_1_lag1,1217.923583984375,10
hktech_ret_lag1,1217.373420715332,11
xin9_ret_lag1,1212.8886947631836,14
ret_3_rel_csi1500_mcap_lag1,1212.560691833496,7
mkt_gt3_rate_lag1,1210.8242263793945,7
csi1500_ew_gt_2pct_ratio_lag1,1207.8963088989258,11
vwap_high_ratio_lag6,1206.2300109863281,6
csi1500_ew_mom_20_lag5,1206.009593963623,13
ret_20_rel_csi1500_ew,1198.976203918457,9
hktech_ret_lag5,1189.1347961425781,12
csi1500_mcap_ret_std_20_lag1,1180.5856094360352,10
mkt_flow_concentration_lag1,1179.5230903625488,11
realized_vol_5m_lag3,1170.969009399414,6
vwap_log_ret_20_lag5,1157.4293060302734,10
mkt_ret_spread_lag5,1142.6010093688965,9
realized_down_semivar_lag3,1133.974998474121,7
csi1500_ew_mom_5,1133.5520935058594,7
xin9_swing_lag5,1122.812400817871,12
spx_vol_z,1102.5227165222168,12
csi1500_ew_mom_2,1094.7687873840332,6
mkt_flow_concentration,1087.9194107055664,10
turnover_f_cs_rank_lag2,1079.1349067687988,6
ixic_ret_lag3,1070.7129020690918,13
turnover_f_log_lag6,1066.368995666504,6
csi1500_mcap_mom_20_lag5,1058.8320007324219,13
sw_l2_ret_std_20,1054.206714630127,7
hktech_ret_lag2,1048.274803161621,11
xin9_ret_lag2,1047.827507019043,10
turnover_f_cs_rank_lag15,1045.6840896606445,9
vol_over_sw_l2_vol_lag10,1043.7675018310547,8
csi1500_mcap_max_weight,1036.9248123168945,11
hktech_swing,1035.7303924560547,12
spx_ret_lag2,1029.0284957885742,13
max_5m_range_lag5,1013.7075042724609,5
mkt_ret_sz_lag1,1012.0620956420898,7
sw_l2_mom_20,1011.6041069030762,9
csi1500_ew_mom_5_lag1,1003.0643844604492,10
min_15m_ret_lag2,991.6008148193359,5
sw_l2_mom_5,990.6203765869141,11
beta_to_csi1500_ew_20d,989.2017021179199,9
realized_vol_1m,980.7840042114258,6
mkt_mf_inst_ma_10,973.5653915405273,6
mkt_ret_spread_lag2,972.3422927856445,9
csi1500_mcap_oc_ret_lag1,969.0796966552734,9
csi1500_ew_ret_std_20_lag2,968.4304122924805,13
spx_vol_z_lag5,955.9523086547852,9
mkt_mf_inst_rate_lag8,947.3280944824219,9
csi1500_mcap_mom_20_lag3,941.2587051391602,9
ixic_swing_lag3,938.0178985595703,11
csi1500_mcap_oc_ret_lag2,937.5029983520508,10
vwap_z_lag2,933.6534957885742,10
mkt_limit_up_count_lag5,932.9735908508301,10
ret_3,928.0247077941895,8
turnover_f_cs_rank_lag5,927.1013946533203,5
sw_l2_ret_rel_mkt_rank_accel5,922.1736946105957,8
spx_swing,912.2743949890137,11
csi1500_ew_ret_std_20,906.1337928771973,9
vwap_low_ratio,903.6535110473633,4
csi1500_mcap_top10_weight_lag5,896.058895111084,9
ixic_ret_lag5,893.5202026367188,8
csi1500_ew_gt_2pct_ratio_lag2,890.2171859741211,10
days_since_last_limit_up_60,884.6047897338867,9
mkt_limit_up_count,883.484302520752,9
mkt_mf_inst_ma_10_lag5,878.8091888427734,10
beta_to_csi1500_ew_20d_lag2,876.0276031494141,9
turnover_f_cs_rank_lag3,874.2216949462891,6
turnover_f_log_lag2,872.4280090332031,2
n225_ret,870.9368019104004,10
hsi_swing_lag3,869.1653938293457,11
fd_ratio,868.5171051025391,4
mkt_ret_spread,860.7798919677734,10
ret_3_rel_csi1500_ew_lag1,858.6835174560547,5
csi1500_ew_gt_2pct_ratio,858.6549987792969,8
intraday_max_drawdown_lag5,854.0069961547852,6
turnover_prank_1500_lag4,852.1130065917969,4
beta_to_csi1500_ew_20d_lag1,838.0280990600586,7
beta_to_csi1500_mcap_20d_lag10,827.1887016296387,9
ret_5_rel_csi1500_mcap,825.6250038146973,7
n225_swing,823.1010971069336,10
csi1500_mcap_max_weight_lag5,820.4086074829102,8
sw_l2_mom20_rel_csi1500_ew,816.6816024780273,9
hsi_swing,810.894905090332,9
hsi_swing_lag2,808.2126922607422,9
xin9_ret_lag5,806.883903503418,10
sw_l2_market_alpha_ew_5,804.108699798584,7
sw_l2_range_pct_lag3,801.9537124633789,8
vwap_z,794.726505279541,9
mkt_mf_inst_rate_lag6,794.5114936828613,7
hsi_ret_lag3,793.3916130065918,9
min_10m_ret_lag3,792.8899841308594,4
max_5m_ret_lag2,792.1580047607422,4
mkt_mf_inst_rate_lag5,788.6930084228516,4
turnover_prank_1500_lag5,779.6339950561523,4
sw_l2_range_z_20_lag3,778.4468994140625,8
csi1500_ew_mom_5_lag5,777.6360092163086,8
mkt_mf_inst_rate_lag9,776.8394927978516,9
n225_swing_lag1,776.3228912353516,9
beta_to_csi1500_mcap_20d_lag2,776.0245094299316,6
csi1500_mcap_mom_2_lag3,775.2899017333984,9
turnover_f_cs_rank_lag4,774.8990173339844,2
min_10m_ret_lag2,773.0489959716797,3
turnover_rel_1500,770.0982933044434,8
csi1500_ew_mom_2_lag3,769.9430999755859,7
mkt_flow_concentration_lag3,768.5036926269531,8
sw_l2_ret_rel_csi1500_ew,766.965087890625,8
csi1500_mcap_top10_weight_lag2,759.3811111450195,9
csi1500_ew_up_ratio,756.9906845092773,7
morning_range_lag3,756.119987487793,4
circ_mv_cs_rank_lag10,755.5713005065918,6
vwap_log_ret_20,753.6240768432617,7
csi1500_mcap_mom_10_lag2,748.8796920776367,7
csi1500_mcap_coverage_ratio,746.7094192504883,2
vwap_log_ret_3,745.1819076538086,6
short_pressure,743.5875053405762,9
turnover_prank_1500_lag15,734.3349990844727,6
hurst_intraday_lag5,728.9439010620117,6
csi1500_ew_lt_minus_2pct_ratio_lag3,727.8709030151367,8
mkt_limit_up_count_lag2,727.2713012695312,8
csi1500_ew_mom_10_lag2,724.7618942260742,8
sw_l2_ret_1_lag15,723.836799621582,9
ixic_swing_lag1,720.2490081787109,7
sw_l2_market_alpha_mcap_5_lag3,718.486988067627,6
csi1500_coverage_ratio,717.7836990356445,4
sw_l2_market_beta_mcap_20d_lag3,716.7783851623535,9
buy_volume_ratio,716.6723098754883,6
last_15m_ret,715.4767150878906,8
vol_over_csi1500_mcap_vol_lag1,713.859992980957,7
csi1500_ew_oc_ret_lag2,705.4837074279785,7
vwap_low_ratio_lag15,702.5834884643555,7
mkt_gt5_rate,700.621509552002,6
mkt_ret_sh,697.0919876098633,6
chip_pressure_lag20,693.9781951904297,9
min_15m_ret_lag3,693.6687927246094,5
csi1500_mcap_ret_std_20_lag3,690.7246017456055,7
sw_l2_ret_std_20_lag5,683.9448928833008,6
sw_l2_ret_rel_csi1500_ew_lag1,680.4499053955078,6
sw_l2_mom20_rel_csi1500_mcap,677.0820007324219,8
xin9_ret,672.2877998352051,8
csi1500_ew_mom_20_lag3,671.1965065002441,7
sw_l2_market_beta_ew_20d_lag3,670.4362945556641,6
mv_prank_1500,665.4883804321289,5
sw_l2_mom_10,661.5174865722656,6
mkt_mf_inst_ma_10_lag3,658.1246070861816,5
ixic_swing,655.4740982055664,7
sw_l2_turnover_proxy_lag3,652.1959991455078,7
vwap_log_ret_20_lag10,650.311393737793,4
sw_l2_market_beta_ew_20d_lag2,649.2773056030273,8
hurst_intraday_lag1,646.9642944335938,5
csi1500_mcap_max_weight_lag2,646.9568023681641,6
csi1500_ew_oc_ret_lag5,646.5440979003906,7
mkt_limit_down_count_lag3,645.9416046142578,6
buy_volume_ratio_lag2,645.5789947509766,4
sw_l2_range_pct_lag1,642.6857986450195,7
ret_20_lag5,640.8735008239746,7
hktech_swing_lag2,635.7100067138672,8
mkt_limit_down_count_lag1,628.8320999145508,8
csi1500_ew_up_ratio_lag5,628.648078918457,2
max_5m_ret_lag1,625.3276901245117,2
auc_c_range_lag6,621.0397033691406,4
beta_to_csi1500_mcap_20d,618.755500793457,6
csi1500_mcap_top10_weight_lag3,609.1304931640625,6
csi1500_mcap_ret_std_20_lag5,606.4193992614746,5
csi1500_mcap_coverage_ratio_lag1,604.7744979858398,6
csi1500_mcap_mom_3_lag2,603.1546058654785,7
csi1500_ew_oc_ret,602.6227035522461,6
mkt_mf_inst_ma_10_lag2,602.1946029663086,7
ret_2,598.9655952453613,6
mean_vwap_distance_lag1,598.2249145507812,4
vwap_log_ret_2,597.7578964233398,5
sw_l2_oc_ret_lag1,595.7757949829102,5
circ_mv_cs_rank_lag20,594.4602966308594,6
ret_5_prank_1500_lag7,593.0820159912109,3
realized_vol_1m_lag2,591.7372970581055,4
ret_10_rel_csi1500_ew_lag1,588.2799911499023,6
csi1500_mcap_mom_20_lag2,582.855598449707,6
sw_l2_ret_std_5_lag1,580.2118988037109,5
sw_l2_market_alpha_mcap_5,578.4863204956055,6
max_consecutive_up_bars,575.7722930908203,5
csi1500_ew_lt_minus_2pct_ratio,574.4172897338867,6
ret_20_rel_csi1500_mcap,572.7996978759766,6
csi1500_mcap_mom_3_lag3,569.633903503418,5
csi1500_ew_ret_lag5,569.2503051757812,5
vol_over_csi1500_ew_vol_lag2,568.0683898925781,5
csi1500_mcap_max_weight_lag1,565.6697998046875,7
mkt_mf_retail_rate_lag2,559.9423942565918,6
variance_top10_share_lag1,558.002613067627,5
vwap_log_ret_20_lag3,556.2447967529297,6
min_5m_ret_lag3,551.7024993896484,4
ixic_vol_z,550.5300979614258,7
sw_l2_turnover_proxy,548.734001159668,4
winner_rate,544.7809028625488,6
mean_5m_range_lag5,544.4440879821777,5
beta_to_csi1500_mcap_20d_lag5,543.8710975646973,5
sw_l2_market_beta_mcap_20d_lag5,540.8005981445312,7
ixic_vol_z_lag5,539.7099990844727,7
csi1500_mcap_ret_std_20_lag2,528.1706008911133,6
up_bar_ratio_lag1,526.7872009277344,3
mkt_gt3_rate,526.3520050048828,5
sw_l2_vol_z_20,522.656005859375,5
beta_to_csi1500_mcap_20d_lag1,522.0690002441406,5
sw_l2_market_beta_mcap_20d_lag2,519.8087005615234,5
vwap_log_ret_5_lag20,518.7575988769531,5
csi1500_ew_mom_2_lag2,518.1203918457031,6
mkt_mf_inst_ma_10_lag1,515.1401062011719,5
realized_vol_5m,514.9939956665039,2
turnover_prank_1500_lag9,512.8120956420898,4
mkt_mf_inst_rate_lag10,512.2954025268555,6
beta_to_sw_l2_20d_lag5,509.77039337158203,5
ret_10_rel_csi1500_mcap,508.3599090576172,5
sw_l2_ret_1_rank_accel5,505.7046012878418,5
sw_l2_oc_ret_lag7,505.53480529785156,6
sw_l2_ret_1_lag20,505.41569900512695,6
chip_pressure_lag5,505.33940505981445,6
vwap_z_lag3,505.0854949951172,5
spx_swing_lag5,504.14769744873047,5
mkt_pos_rate,502.96839141845703,5
beta_to_csi1500_ew_20d_lag3,502.80169677734375,5
sw_l2_market_beta_mcap_20d,502.7835998535156,5
sw_l2_oc_ret_lag15,501.2511978149414,6
sw_l2_market_alpha_mcap_5_lag2,500.19348907470703,5
true_range_pct_z,495.93470001220703,4
ret_5_minus_ret_20_lag1,488.76739501953125,5
ret_10,485.9404067993164,4
sw_l2_oc_ret_lag8,482.67889404296875,6
sw_l2_ret_std_20_ind_rank,482.0146903991699,6
vol_over_sw_l2_vol_lag20,480.843505859375,5
sw_l2_ret_1_lag1,480.6780014038086,5
sw_l2_market_beta_ew_20d,479.44650650024414,6
mkt_limit_up_count_lag3,479.3558044433594,6
sw_l2_ret_1_ind_rank_lag1,479.2376937866211,4
sw_l2_ret_1_lag8,478.0481948852539,6
ret_5_minus_ret_20_lag3,476.5460968017578,6
mkt_ret_sh_lag3,472.1990051269531,5
csi1500_ew_ret_std_20_lag3,464.5658874511719,4
csi1500_ew_lt_minus_2pct_ratio_lag1,459.1790008544922,5
csi1500_ew_mom_2_lag5,459.1241989135742,5
ret_1_in_weak_mkt_lag15,457.3777084350586,5
mkt_mf_retail_rate_lag5,456.89830780029297,4
mkt_limit_down_count_lag2,456.44579315185547,4
sw_l2_mom_2_lag5,455.8205032348633,6
csi1500_mcap_oc_ret_lag3,455.32879638671875,4
vwap_low_ratio_lag8,453.39510345458984,5
ret_10_rel_csi1500_ew,453.0028076171875,4
limit_up_day_cnt_1,451.64969635009766,3
mv_prank_1500_lag10,450.8004913330078,5
mkt_pos_rate_lag2,448.9105987548828,5
turnover_f_cs_rank,446.6408004760742,4
oc_ret_lag9,445.6789016723633,4
vwap_log_ret_20_lag2,445.57310485839844,5
min_5m_ret_lag1,443.08740997314453,3
ret_20,442.59300231933594,5
mv_prank_1500_lag1,440.75450897216797,4
vol_over_csi1500_ew_vol,439.68609619140625,4
csi1500_coverage_ratio_lag2,434.6283874511719,3
sw_l2_mom_2_rank_accel5,432.3084030151367,5
ret_5_rel_csi1500_ew,430.98888397216797,4
ret_3_minus_ret_10_lag1,428.6003074645996,4
csi1500_mcap_oc_ret,426.0384063720703,5
sw_l2_mom_5_lag2,425.5357971191406,5
sw_l2_mom_20_lag1,423.9154930114746,5
csi1500_ew_down_ratio_lag5,423.4016990661621,5
sw_l2_oc_ret_lag2,421.1980972290039,4
turnover_f_log_lag15,420.6872100830078,4
vol_over_csi1500_ew_vol_lag1,419.80690002441406,4
csi1500_coverage_ratio_lag3,417.5009002685547,4
beta_to_csi1500_ew_20d_lag5,416.7774963378906,3
realized_up_semivar,415.7995071411133,4
beta_to_csi1500_mcap_20d_lag3,411.25989532470703,5
cost_95pct_z_lag20,408.63169860839844,5
sw_l2_mom20_rel_csi1500_ew_lag1,405.5748062133789,5
margin_pressure_lag10,405.5169982910156,5
sw_l2_market_beta_ew_20d_lag5,402.3917922973633,5
sw_l2_mom5_rel_csi1500_mcap_lag5,401.5251007080078,5
vwap_log_ret_3_minus_10_lag1,396.33199310302734,3
csi1500_ew_oc_ret_lag1,394.8936004638672,5
n225_swing_lag5,394.73170471191406,5
hsi_ret_lag5,393.2073974609375,4
mkt_gt5_rate_lag2,391.0424041748047,5
turnover_f_log_lag8,389.4049987792969,2
sw_l2_range_z_20_lag1,389.0011901855469,4
sw_l2_oc_ret_lag4,386.3310012817383,4
sw_l2_mom5_rel_csi1500_ew_lag2,386.0677947998047,4
margin_pressure_lag20,385.2502975463867,4
csi1500_mcap_mom_5,383.1177978515625,4
mkt_mf_inst_rate_lag3,382.10679626464844,3
ret_std_5_z_lag15,381.17940521240234,3
mean_5m_range_lag3,380.2720031738281,2
sw_l2_mom_2,379.31380462646484,4
ret_5_lag5,377.1125946044922,3
csi1500_ew_mom_2_lag1,376.73290634155273,4
csi1500_ew_lt_minus_2pct_ratio_lag5,375.4241943359375,4
vol_over_sw_l2_vol_lag5,374.7894973754883,4
late_realized_vol_1m,374.61500549316406,2
ret_std_5_z,374.0159912109375,3
last_15m_range,370.34698486328125,1
mkt_mf_inst_z_20_lag2,368.53990173339844,3
mkt_ret_sz_lag3,368.2123031616211,4
mkt_ret_sz_lag5,367.2406005859375,4
turnover_f_cs_rank_lag20,366.6999969482422,4
ret_5_prank_1500_lag6,364.2203025817871,4
vwap_log_ret_5_lag10,362.10130310058594,4
sw_l2_turnover_proxy_lag2,360.79419708251953,4
vwap_imbalance,360.59229278564453,4
vwap_z_lag20,358.7290954589844,3
mkt_mf_retail_rate,358.67259979248047,5
csi1500_ew_gt_2pct_ratio_lag3,358.3092956542969,5
total_mv_z_lag1,357.24440002441406,3
circ_mv_z_lag20,356.0461959838867,4
sw_l2_mom_10_lag3,355.9550971984863,4
turnover_f_cs_rank_lag6,353.5970001220703,2
ret_1_rel_csi1500_mcap,350.7904052734375,3
sw_l2_mom_20_lag3,348.68418884277344,4
sw_l2_turnover_proxy_lag5,346.98719787597656,4
turnover_f_log_lag7,346.88079833984375,3
true_range_mean_5_z_lag1,346.7761993408203,3
down_bar_ratio,345.6053009033203,4
mkt_pos_rate_lag1,344.34429931640625,2
sw_l2_oc_ret_lag20,343.07340240478516,4
up_bar_ratio_lag3,342.9854049682617,4
chip_pressure_lag10,342.88480377197266,4
mkt_mf_retail_rate_lag1,342.4554023742676,4
turnover_prank_1500_lag7,341.2719955444336,2
vwap_log_ret_3_minus_10_lag3,341.26700592041016,3
intraday_max_drawdown_lag1,338.0331039428711,3
sw_l2_mom_10_lag5,335.02579498291016,4
vol_over_csi1500_ew_vol_lag3,334.65480041503906,4
vwap_z_lag1,333.9050979614258,4
ret_20_rel_csi1500_mcap_lag10,333.88289642333984,4
turnover_prank_1500_lag6,332.7119903564453,2
csi1500_ew_ret,332.222900390625,4
csi1500_mcap_max_weight_lag3,329.0130081176758,3
spx_ret_lag5,327.85150146484375,3
buy_volume_ratio_lag3,326.5420036315918,4
circ_mv_z_lag5,324.27000427246094,3
sw_l2_mom_3_lag1,323.95849609375,4
sw_l2_ret_1_lag9,319.0053939819336,4
mv_prank_1500_lag5,317.5166015625,4
last60_minus_first60_ret_lag1,316.10350799560547,4
csi1500_mcap_mom_2,316.0583953857422,4
ret_20_lag3,311.24629974365234,3
return_autocorr_1_lag2,305.9619903564453,2
ret_5_minus_ret_20_lag2,305.55030059814453,3
morning_range_lag1,305.53399658203125,1
sw_l2_mom_2_lag1,305.5248031616211,4
mkt_gt5_rate_lag3,304.2294006347656,4
sw_l2_mom_10_rank_ma5,304.1317901611328,3
vwap_log_ret_3_minus_10_lag2,300.50889587402344,2
turnover_prank_1500_lag2,298.6988983154297,3
csi1500_mcap_coverage_ratio_lag3,297.2480010986328,3
ret_10_prank_1500,296.9535942077637,4
ret_20_lag2,296.1823043823242,3
vwap_log_ret_20_lag20,295.2328987121582,4
sw_l2_ret_std_20_ind_rank_lag1,291.7990036010742,3
sw_l2_ret_1,291.2332992553711,3
vol_rel_1500,291.0133972167969,3
variance_top10_share,290.16329193115234,3
return_autocorr_1,289.7645034790039,3
sw_l2_ret_std_20_lag2,287.98899841308594,2
spx_ret_lag3,287.8873977661133,3
cost_85pct_z_lag20,287.61710357666016,3
sw_l2_ret_std_5,286.86920166015625,4
bipower_variation_lag3,286.1490020751953,2
down_bar_ratio_lag1,285.9256057739258,2
csi1500_mcap_oc_ret_lag5,284.1738967895508,3
vwap_log_ret_5_lag9,283.7143020629883,3
true_range_mean_5_z_lag2,283.28269958496094,3
late_up_bar_ratio_lag1,282.62701416015625,1
csi1500_ew_down_ratio,282.2936019897461,3
csi1500_ew_mom_3_lag3,281.37979888916016,4
csi1500_ew_mom_3_lag1,280.5168991088867,3
sw_l2_ret_std_20_lag1,279.4790954589844,4
sw_l2_ret_rel_csi1500_mcap_lag1,278.88179779052734,4
first_5m_vwap_ratio_lag1,278.66600036621094,2
sw_l2_range_pct,278.30150604248047,3
circ_mv_z_lag3,277.00260162353516,3
sw_l2_mom_2_lag3,274.4294967651367,3
sw_l2_oc_ret_lag3,271.90210723876953,3
circ_mv_z_lag10,270.86499786376953,2
mv_prank_1500_lag20,269.7939987182617,4
down_bar_ratio_lag2,268.8054962158203,3
sw_l2_mom20_rel_csi1500_ew_lag3,268.2575988769531,3
ret_10_rel_csi1500_ew_lag2,268.1866989135742,3
mean_5m_range_lag1,267.9830093383789,2
sw_l2_mom5_rel_csi1500_ew_lag1,266.07689666748047,3
xin9_swing,265.9862976074219,3
short_pressure_lag3,263.9988021850586,3
ret_1_prank_1500,262.71099853515625,2
csi1500_ew_lt_minus_2pct_ratio_lag2,262.23199462890625,3
realized_vol_1m_lag1,262.0459976196289,2
sw_l2_mom_3_rank_accel5,258.9649963378906,2
sw_l2_range_pct_lag5,257.56009674072266,4
turnover_rel_sw_l2,257.1087951660156,2
csi1500_mcap_coverage_ratio_lag5,256.7480010986328,2
short_pressure_lag1,254.96680450439453,3
sw_l2_ret_1_lag10,254.58190155029297,3
true_range_mean_20_z_lag10,253.9520034790039,3
sw_l2_mom20_rel_csi1500_ew_lag2,252.35130310058594,3
last_60m_ret,251.38500213623047,2
sw_l2_mom_5_rank_accel5,250.2165985107422,3
ret_20_rel_csi1500_ew_lag1,248.4807014465332,3
auc_o_vwap_ratio_lag9,247.73500061035156,1
beta_to_csi1500_mcap_20d_lag20,246.83140182495117,3
sw_l2_ret_std_20_lag3,246.5980987548828,3
sw_l2_ret_1_ind_rank,246.47000122070312,1
vwap_high_ratio_lag15,246.36199951171875,3
sw_l2_market_beta_ew_20d_lag1,244.38720321655273,3
true_range_mean_20_z_lag5,244.33660888671875,3
mv_prank_1500_lag3,243.9749984741211,3
afternoon_minus_morning_ret,242.02200317382812,2
ret_2_rel_csi1500_ew,240.17479705810547,3
hktech_ret_lag3,236.96389770507812,3
std_vwap_distance_lag5,236.70800018310547,2
csi1500_ew_down_ratio_lag2,232.55899810791016,2
crowdedness_lag10,232.50050354003906,3
csi1500_coverage_ratio_lag1,232.39100646972656,3
winner_rate_cs_rank,231.43090057373047,3
mkt_mf_inst_rate_lag2,229.6298065185547,2
vwap_high_ratio_lag5,228.5012969970703,2
sw_l2_mom_10_lag1,227.63059616088867,3
sw_l2_ret_rel_csi1500_mcap_lag3,227.5282974243164,3
sw_l2_ret_std_5_lag2,227.4520034790039,2
sw_l2_market_alpha_ew_5_lag2,227.21890258789062,2
sw_l2_mom5_rel_csi1500_mcap_lag1,225.9875946044922,3
sw_l2_amount_z_20_lag10,224.60549926757812,3
sw_l2_ret_1_lag3,223.8949966430664,2
morning_afternoon_corr,221.7050018310547,1
intraday_sign_changes,221.53400421142578,3
vwap_log_ret_5,219.97679901123047,2
vwap_high_ratio_lag20,218.63580322265625,2
oc_ret_rel_csi1500_mcap,214.26869201660156,2
ret_3_prank_1500_lag1,213.59629821777344,2
sw_l2_market_alpha_mcap_5_lag5,213.45209503173828,3
total_mv_z_lag3,212.09310150146484,2
ret_5_prank_1500_lag4,211.52620315551758,3
turnover_prank_1500,210.94399642944336,2
crowdedness_lag1,208.57460021972656,2
chip_density_lag5,208.40859985351562,3
weight_avg_z_lag20,207.4220962524414,2
sw_l2_market_alpha_mcap_5_lag1,206.2965087890625,2
csi1500_coverage_ratio_lag5,205.62090301513672,2
sw_l2_turnover_proxy_lag1,204.5092010498047,3
sw_l2_mom20_rel_mkt_rank_ma5,203.0333023071289,3
sw_l2_mom_3_lag5,201.11780548095703,3
sw_l2_ret_1_lag4,200.72749710083008,3
crowdedness,199.17520141601562,2
true_range_mean_5_z_lag3,198.63109588623047,2
ret_10_lag5,198.5363998413086,2
ret_vol_confirm,198.27389526367188,2
vol_over_sw_l2_vol_lag3,198.1282958984375,2
ret_vol_confirm_lag4,197.5197982788086,2
csi1500_mcap_ret_lag5,197.40460205078125,2
sw_l2_oc_ret,197.07269668579102,3
failure_pressure,196.48400115966797,2
sell_volume_ratio,195.83399963378906,1
exhaustion_risk,195.71849822998047,2
sw_l2_ret_rel_csi1500_ew_lag2,194.29240036010742,3
net_margin_flow_lag2,193.06310272216797,2
first_60m_range_lag3,187.52349853515625,2
ret_10_prank_1500_lag2,187.4983024597168,3
pct_bars_above_vwap,187.1165008544922,2
vol_comp_z_lag3,186.30269622802734,2
sell_volume_ratio_lag1,185.8721923828125,3
ret_5_prank_1500_lag15,185.25650024414062,2
oc_ret_cs_rank_lag15,185.11500549316406,1
vol_over_csi1500_mcap_vol_lag2,184.89949798583984,2
ret_20_rel_csi1500_mcap_lag1,184.5605010986328,2
vwap_log_ret_2_lag1,184.47799682617188,1
mkt_mf_inst_z_20,182.50770568847656,3
mkt_pos_rate_lag3,182.1718978881836,2
sw_l2_mom5_rel_csi1500_ew,181.777099609375,2
sw_l2_mom_2_rank,181.3987045288086,2
ret_2_rel_csi1500_ew_lag1,179.6479034423828,2
mkt_mf_retail_rate_lag3,179.22779846191406,2
mkt_mf_inst_rate,178.90859985351562,2
csi1500_mcap_coverage_ratio_lag2,178.7397003173828,2
buy_volume_ratio_lag1,178.54560089111328,2
vwap_close_z_lag7,177.74130249023438,2
turnover_f_cs_rank_lag8,176.9969940185547,1
sw_l2_mom_5_rank,176.08290100097656,2
sw_l2_range_z_20,174.91490173339844,2
sw_l2_mom_5_lag3,174.65070343017578,2
vwap_close_ratio_prank_1500,173.56859588623047,2
realized_vol_5m_lag5,172.53799438476562,1
sw_l2_amount_z_ind_rank_lag3,172.49410247802734,2
sw_l2_mom_5_ind_rank_lag1,172.40610122680664,2
sw_l2_mom_10_lag2,171.00350189208984,2
ret_1_cs_rank_lag1,170.47300720214844,1
sw_l2_mom_20_lag2,169.92479705810547,2
sw_l2_vol_z_20_lag10,169.89739608764648,2
ixic_ret_lag2,169.74569702148438,2
last_10m_ret,169.32990264892578,2
ret_10_rel_csi1500_ew_lag3,169.15839385986328,2
sw_l2_market_alpha_ew_5_lag5,168.7520980834961,2
oc_ret_cs_rank,167.88279724121094,2
first_5m_ret_lag1,165.54659271240234,2
sw_l2_ret_rel_csi1500_ew_lag3,164.32699584960938,2
ret_5_prank_1500_lag20,164.1623992919922,2
vwap_log_ret_5_lag15,163.17940521240234,2
ret_20_rel_csi1500_ew_lag20,162.6052017211914,2
csi1500_ew_gt_2pct_ratio_lag5,162.03810119628906,2
csi1500_ew_oc_ret_lag3,159.92350006103516,2
turnover_prank_60,159.56500244140625,1
ret_20_lag1,158.9759979248047,2
vwap_log_ret_20_lag1,158.71800231933594,2
ret_20_rel_csi1500_mcap_lag3,158.43560028076172,2
sw_l2_market_alpha_ew_5_lag1,156.3767967224121,2
chip_pressure,155.8014030456543,2
turnover_in_compression,155.5260009765625,1
sw_l2_amount_z_ind_rank_lag5,154.97530364990234,2
vwap_low_ratio_lag7,153.2031021118164,2
sw_l2_mom_5_ind_rank_lag2,153.0813980102539,2
max_10m_ret_lag1,153.0609016418457,2
csi1500_ew_ret_lag2,151.40039825439453,2
csi1500_mcap_ret,150.87990188598633,2
true_range_mean_5_z,148.81510162353516,2
ret_3_minus_ret_10_lag2,148.75880432128906,2
circ_mv_z_lag1,147.93299865722656,1
vol_over_csi1500_mcap_vol_lag3,147.42549896240234,2
ret_1_over_mkt_gt5_rate_lag15,146.59339904785156,2
vwap_close_ratio_lag15,146.5170021057129,2
sw_l2_ret_1_rank_ma5,146.42599868774414,2
vwap_z_lag8,145.85400390625,1
sw_l2_mom_3_rank_ma5,145.79000091552734,2
vwap_low_ratio_lag6,144.3209991455078,1
sw_l2_amount_z_20_lag1,143.86529922485352,2
ret_20_rel_csi1500_ew_lag3,143.6580047607422,1
sw_l2_turnover_z_20_lag10,142.95680236816406,2
sw_l2_ret_std_20_ind_rank_lag2,141.31829833984375,2
true_range_mean_10_z,140.60990142822266,2
ret_20_rel_csi1500_mcap_lag20,139.13499450683594,1
mkt_gt5_rate_lag5,138.15610122680664,2
sw_l2_mom20_rel_mkt_rank_accel5,137.05379486083984,2
close_to_low_lag7,136.4488067626953,2
amount_z_lag5,136.0760040283203,1
auc_c_range,136.0181007385254,2
sw_l2_ret_std_20_ind_rank_lag3,135.87329864501953,2
cost_95pct_z_lag5,135.83369827270508,2
sell_volume_ratio_lag3,133.98009872436523,2
sw_l2_mom_3_lag2,133.3394012451172,2
first_time_min,131.98959732055664,2
max_1m_volume_lag5,130.63800048828125,1
ret_5_rel_csi1500_ew_lag1,129.60699462890625,1
close_to_low_lag5,128.86599731445312,1
oc_ret_rel_csi1500_mcap_lag9,127.58000183105469,1
cost_50pct_z_lag1,126.71299743652344,1
sw_l2_ret_std_20_ind_rank_lag5,126.35399627685547,1
max_vwap_distance_lag2,125.46010208129883,2
close_to_high_cs_rank_lag2,124.48600006103516,1
ret_std_10_z_lag3,124.0009994506836,1
sw_l2_vol_z_20_lag5,123.78369903564453,2
last_60m_vwap_ratio,123.56900024414062,1
drawdown_duration,123.45899963378906,1
sw_l2_oc_ret_lag9,123.4557991027832,2
auc_c_range_lag9,121.8499984741211,1
ret_10_prank_1500_lag1,121.78600311279297,1
sw_l2_ret_std_5_lag5,121.64800262451172,1
ret_std_10_z,121.34400177001953,1
max_15m_ret_lag3,120.75900268554688,1
vwap_z_lag4,120.71600341796875,1
sw_l2_turnover_z_ind_rank,120.2699966430664,1
sw_l2_mom_10_rank_accel5,119.52819442749023,2
ret_1_lag15,119.21199798583984,1
close_to_high_cs_rank_lag5,118.7040023803711,1
turnover_f_cs_rank_lag1,118.2699966430664,1
ret_2_lag1,115.01899719238281,1
turnover_range_pressure_lag20,112.89700317382812,1
sw_l2_amount_z_20_lag3,112.48999786376953,1
realized_down_semivar_lag5,112.12699890136719,1
true_range_mean_10_z_lag2,111.1520004272461,1
min_15m_ret_lag5,110.81400299072266,1
cost_50pct_z_lag2,110.36599731445312,1
total_mv_z_lag20,109.8499984741211,1
min_10m_ret_lag5,109.52799987792969,1
vol,109.38300323486328,1
sell_volume_ratio_lag2,107.41500091552734,1
amt_rv_5_z,107.21600341796875,1
max_1m_volume_lag1,105.24299621582031,1
amt_rv_5_z_lag9,103.26899719238281,1
chip_pressure_lag1,103.19499969482422,1
ret_std_5_z_lag6,102.95899963378906,1
close_to_low_lag10,102.59200286865234,1
ret_1_lag2,102.16799926757812,1
vwap_high_ratio_lag1,101.99299621582031,1
ret_1_over_mkt_gt5_rate_lag3,100.7979965209961,1
sw_l2_ret_rel_csi1500_mcap_lag5,100.68199920654297,1
ret_5_rel_csi1500_mcap_lag5,100.19499969482422,1
first_1m_amount_ratio,99.90679931640625,1
auc_o_vwap_ratio_lag2,99.46710205078125,1
beta_to_sw_l2_20d_lag20,98.79959869384766,1
up_bar_ratio,97.83270263671875,1
mkt_gt3_rate_lag5,96.88349914550781,1
mkt_gt3_rate_lag3,96.70149993896484,1
ret_3_rel_csi1500_ew_lag2,96.42849731445312,1
ret_2_prank_1500_lag1,96.39099884033203,1
afternoon_minus_morning_ret_lag2,95.8469009399414,1
ret_1_over_mkt_gt5_rate_lag8,94.98650360107422,1
sw_l2_mom_20_ind_rank_lag3,94.54560089111328,1
circ_mv_cs_rank_lag2,92.75460052490234,1
sw_l2_mom5_rel_csi1500_mcap,92.69339752197266,1
auc_c_ret,92.6260986328125,1
sw_l2_mom_5_rank_ma5,91.5062026977539,1
cost_50pct_z_lag5,91.22470092773438,1
morning_ret_lag1,89.77519989013672,1
ret_1_over_mkt_gt5_rate_lag10,89.1272964477539,1
sw_l2_mom20_rel_csi1500_mcap_lag2,89.03880310058594,1
sw_l2_mom_5_ind_rank_lag3,88.89440155029297,1
ret_3_minus_ret_10,88.01280212402344,1
sw_l2_turnover_z_20,87.85050201416016,1
sw_l2_vol_z_20_lag1,87.83100128173828,1
minute_of_low,87.79779815673828,1
sw_l2_turnover_z_20_lag5,87.78620147705078,1
ret_2_rel_csi1500_mcap_lag5,87.5062026977539,1
sw_l2_ret_1_ind_rank_lag3,87.4104995727539,1
ret_20_rel_csi1500_mcap_lag2,86.8655014038086,1
sw_l2_amount_z_20,86.24330139160156,1
vwap_log_ret_5_lag2,85.39089965820312,1
short_pressure_lag5,84.70069885253906,1
ret_3_minus_ret_10_lag5,84.23090362548828,1
vwap_imbalance_lag9,83.83350372314453,1
min_5m_ret_lag5,83.1238021850586,1
vwap_log_ret_10,82.95099639892578,1
rqye_z,82.55130004882812,1
sw_l2_vol_z_20_lag3,82.13909912109375,1
cost_5pct_z_lag20,82.04170227050781,1
vwap_high_ratio_lag10,81.98149871826172,1
vol_prank_1500_lag7,81.0459976196289,1
sw_l2_ret_1_lag2,80.93939971923828,1
rqchl_z_lag20,80.62149810791016,1
max_1m_volume,80.16580200195312,1
oc_ret_rel_csi1500_ew_lag4,80.1395034790039,1
ret_2_rel_csi1500_mcap_lag1,80.0905990600586,1
sw_l2_turnover_z_ind_rank_lag2,80.04720306396484,1
last_10m_range_lag1,79.83879852294922,1
auc_c_vwap_ratio_lag15,79.72679901123047,1
sw_l2_mom5_rel_mkt_rank_ma5,78.82279968261719,1
last_5m_ret,78.5426025390625,1
sw_l2_mom20_rel_mkt_rank,78.34950256347656,1
vol_over_sw_l2_vol,77.5208969116211,1
close_to_high_lag4,77.1415023803711,1
sw_l2_amount_z_20_lag5,77.0896987915039,1
sw_l2_mom_2_lag2,76.59609985351562,1
realized_kurtosis_lag2,76.56919860839844,1
sw_l2_ret_rel_csi1500_ew_lag5,76.49610137939453,1
amount_z_lag15,75.90950012207031,1
vwap_close_z_lag9,75.8489990234375,1
circ_mv,75.70059967041016,1
vol_over_sw_l2_vol_lag1,75.52549743652344,1
csi1500_ew_up_ratio_lag1,75.05329895019531,1
oc_ret_rel_csi1500_ew,74.99600219726562,1
margin_pressure_lag5,74.78589630126953,1
sw_l2_ret_1_lag5,74.51460266113281,1
sw_l2_mom_10_rank,74.50309753417969,1
oc_ret_cs_rank_lag10,74.4822006225586,1
ret_1_over_mkt_gt5_rate_lag5,74.3677978515625,1
sw_l2_mom_5_lag5,73.76920318603516,1
sw_l2_turnover_z_20_lag3,73.37049865722656,1
vwap_imbalance_lag4,72.93609619140625,1
total_mv_z_lag10,72.26380157470703,1
ret_1_rel_csi1500_mcap_lag1,71.80560302734375,1
realized_semivar_imbalance,71.49099731445312,1
vol_over_csi1500_ew_vol_lag5,71.46839904785156,1
sw_l2_mom_5_ind_rank_lag5,71.17140197753906,1
short_pressure_lag10,71.10099792480469,1
chip_density_lag10,70.49970245361328,1
csi1500_mcap_ret_lag2,70.49839782714844,1
sw_l2_mom5_rel_csi1500_ew_lag3,70.1187973022461,1
amount_concentration_top3,69.33070373535156,1
ret_5_prank_1500_lag8,69.2083969116211,1
sw_l2_mom20_rel_csi1500_mcap_lag1,69.19770050048828,1
true_range_mean_20_z_lag3,68.68170166015625,1
vwap_low_ratio_lag10,68.28309631347656,1
csi1500_mcap_ret_lag3,67.60299682617188,1
sw_l2_mom_3_lag3,66.4301986694336,1
ret_5_lag3,66.1676025390625,1
winner_rate_lag1,65.99040222167969,1
ret_5_lag1,65.3302001953125,1
sw_l2_ret_std_5_lag3,65.2656021118164,1
total_mv_z_lag5,64.96820068359375,1
amt_rv_20_z_lag5,64.82489776611328,1
circ_mv_cs_rank_lag5,64.65709686279297,1
sw_l2_mom_20_rank,64.4457015991211,1
vwap_log_ret_5_lag3,63.041099548339844,1
chip_pressure_lag3,62.932701110839844,1
vwap_imbalance_lag2,62.62580108642578,1
ret_1_over_mkt_gt5_rate_lag2,62.481300354003906,1
vwap_low_ratio_lag9,62.234798431396484,1
sw_l2_mom_2_rank_ma5,61.48030090332031,1
sw_l2_mom_20_rank_ma5,61.349300384521484,1
ret_vol_confirm_lag15,60.76409912109375,1
max_15m_ret_lag5,60.74800109863281,1
ret_1_over_mkt_gt5_rate_lag9,60.3406982421875,1
sw_l2_amount_z_ind_rank_lag2,59.601898193359375,1
sw_l2_mom20_rel_csi1500_mcap_lag3,59.4286994934082,1
ret_3_lag5,59.2593994140625,1
sw_l2_oc_ret_lag6,59.06890106201172,1
vwap_imbalance_lag20,58.8739013671875,1
chip_pressure_lag2,58.04399871826172,1
ret_1_cs_rank,57.345001220703125,1
max_vwap_distance_lag1,56.738800048828125,1
vwap_z_lag7,55.49359893798828,1
ret_1_rel_csi1500_ew_lag7,55.40449905395508,1
sw_l2_mom5_rel_csi1500_mcap_lag2,55.162498474121094,1
ret_20_rel_csi1500_ew_lag10,54.19169998168945,1
amount_z,54.00519943237305,1
ret_3_prank_1500,53.3661994934082,1
net_margin_flow_lag5,51.60380172729492,1
sw_l2_turnover_z_ind_rank_lag3,51.26459884643555,1
ret_5_rel_sw_l2,51.03689956665039,1
sw_l2_ret_1_lag7,47.09659957885742,1
max_consecutive_up_bars_lag2,0.0,0
max_consecutive_down_bars_lag1,0.0,0
first_10m_range,0.0,0
first_5m_vwap_ratio,0.0,0
rzmre_z_lag5,0.0,0
rqyl_z_lag1,0.0,0
rqyl_z_lag5,0.0,0
short_pressure_lag2,0.0,0
ret_3_rel_csi1500_mcap,0.0,0
max_consecutive_up_bars_lag1,0.0,0
ret_2_rel_csi1500_mcap,0.0,0
ret_1_rel_csi1500_ew_lag1,0.0,0
volume_curve_skew,0.0,0
realized_kurtosis,0.0,0
ret_1_rel_csi1500_ew_lag6,0.0,0
vwap_recovery_ratio,0.0,0
cost_15pct_z_lag20,0.0,0
ret_3_rel_csi1500_ew_lag5,0.0,0
ret_3_rel_csi1500_mcap_lag5,0.0,0
short_pressure_lag20,0.0,0
sw_l2_mom_20_rank_accel5,0.0,0
sw_l2_ret_rel_mkt_rank_ma5,0.0,0
sw_l2_mom5_rel_mkt_rank,0.0,0
sw_l2_mom5_rel_mkt_rank_accel5,0.0,0
first_5m_amount_ratio,0.0,0
sw_l2_ret_rel_mkt_rank,0.0,0
ret_10_rel_csi1500_ew_lag5,0.0,0
min_15m_ret,0.0,0
morning_range_lag2,0.0,0
first_30m_amount_ratio_lag1,0.0,0
intraday_sign_changes_lag1,0.0,0
max_10m_ret_lag2,0.0,0
max_15m_ret,0.0,0
min_10m_ret_lag1,0.0,0
max_15m_ret_lag1,0.0,0
max_10m_ret,0.0,0
min_15m_ret_lag1,0.0,0
last_30m_ret,0.0,0
afternoon_range,0.0,0
first_60m_vwap_ratio,0.0,0
first_60m_range,0.0,0
first_30m_vwap_ratio,0.0,0
first_60m_vwap_ratio_lag3,0.0,0
true_range_mean_20_z,0.0,0
vwap_close_ratio_prank_1500_lag4,0.0,0
close_to_high_cs_rank_lag10,0.0,0
winner_rate_cs_rank_lag10,0.0,0
days_since_last_broken_board_60,0.0,0
ret_std_5_z_lag2,0.0,0
ret_std_5_z_lag4,0.0,0
ret_std_10_z_lag10,0.0,0
circ_mv_cs_rank,0.0,0
vwap_close_ratio_prank_1500_lag3,0.0,0
sw_l2_mom_5_ind_rank,0.0,0
sw_l2_mom_20_ind_rank,0.0,0
sw_l2_amount_z_ind_rank,0.0,0
intraday_max_drawdown,0.0,0
ret_2_prank_1500_lag5,0.0,0
ret_5_prank_1500_lag9,0.0,0
close_to_high_lag1,0.0,0
chip_density_lag20,0.0,0
rqye_z_lag1,0.0,0
rqye_z_lag2,0.0,0
ret_2_prank_1500,0.0,0
winner_rate_cs_rank_lag20,0.0,0
mv_prank_1500_lag2,0.0,0
sw_l2_ret_1_ind_rank_lag2,0.0,0
sw_l2_ret_1_ind_rank_lag5,0.0,0
sw_l2_mom_20_ind_rank_lag1,0.0,0
close_to_high_cs_rank_lag6,0.0,0
ret_1_prank_1500_lag2,0.0,0
ret_10_rel_csi1500_mcap_lag1,0.0,0
ret_10_rel_csi1500_mcap_lag3,0.0,0
ret_10_rel_csi1500_mcap_lag5,0.0,0
intraday_max_drawdown_lag2,0.0,0
ret_1_over_mkt_gt5_rate,0.0,0
minute_of_low_raw_lag1,0.0,0
std_vwap_distance_lag3,0.0,0
bipower_variation_lag1,0.0,0
afternoon_vol_share_lag1,0.0,0
amount_rel_1500,0.0,0
max_1m_volume_lag2,0.0,0
afternoon_minus_morning_ret_lag3,0.0,0
ret_10_prank_1500_lag3,0.0,0
vol_z,0.0,0
vol_prank_1500_lag3,0.0,0
vol_prank_1500_lag4,0.0,0
vol_prank_1500_lag10,0.0,0
vol_prank_1500_lag15,0.0,0
amount_cs_rank_lag20,0.0,0
amount_prank_1500_lag7,0.0,0
amount_prank_1500_lag20,0.0,0
turnover_f_cs_rank_lag7,0.0,0
turnover_prank_1500_lag1,0.0,0
close_to_high,0.0,0
turnover_z_20,0.0,0
sw_l2_turnover_z_ind_rank_lag1,0.0,0
vol_rv_5_z,0.0,0
sw_l2_turnover_z_ind_rank_lag5,0.0,0
ret_10_prank_1500_lag5,0.0,0
ret_std_5_z_lag1,0.0,0
auc_c_close_position,0.0,0
chip_density,0.0,0
sw_l2_amount_z_ind_rank_lag1,0.0,0
vwap_log_ret_5_lag4,0.0,0
vwap_log_ret_5_lag5,0.0,0
vwap_log_ret_5_lag6,0.0,0
turnover_trend_5_20_lag1,0.0,0
volume_ratio_lag20,0.0,0
mf_inst_rate_lag1,0.0,0
mf_lg_rate_lag1,0.0,0
auc_o_vwap_ratio_lag20,0.0,0
auc_c_range_lag7,0.0,0
sw_l2_mom_20_ind_rank_lag2,0.0,0
sw_l2_ret_1_lag6,0.0,0
sw_l2_oc_ret_lag5,0.0,0
sw_l2_mom_5_lag1,0.0,0
sw_l2_range_pct_lag2,0.0,0
sw_l2_range_z_20_lag2,0.0,0
sw_l2_range_z_20_lag5,0.0,0
sw_l2_amount_z_20_lag2,0.0,0
vwap_close_z_lag15,0.0,0
vwap_imbalance_lag3,0.0,0
true_range_pct_z_lag1,0.0,0
true_range_pct_z_lag2,0.0,0
true_range_mean_5_z_lag5,0.0,0
true_range_mean_5_z_lag6,0.0,0
true_range_mean_5_z_lag15,0.0,0
auc_c_vwap_ratio_lag8,0.0,0
sw_l2_mom_20_ind_rank_lag5,0.0,0
hurst_intraday_lag3,0.0,0
chip_density_lag3,0.0,0
beta_to_sw_l2_20d,0.0,0
ret_1_lag4,0.0,0
ret_3_lag2,0.0,0
ret_5_lag2,0.0,0
close_to_high_cs_rank_lag4,0.0,0
ret_10_lag1,0.0,0
oc_ret_lag7,0.0,0
oc_ret_lag8,0.0,0
mkt_mf_inst_z_20_lag3,0.0,0
vwap_log_ret_5_lag7,0.0,0
vwap_log_ret_10_lag1,0.0,0
true_range_mean_20_z_lag20,0.0,0
auc_c_close_position_lag6,0.0,0
auc_c_efficiency_lag9,0.0,0
total_mv_z_lag2,0.0,0
winner_rate_lag3,0.0,0
winner_rate_lag10,0.0,0
close_to_low_lag4,0.0,0
close_to_low_lag6,0.0,0
close_to_low_lag8,0.0,0
close_to_low_lag15,0.0,0
close_to_low_lag20,0.0,0
vwap_z_lag6,0.0,0
vwap_z_lag10,0.0,0
cost_50pct_z_lag20,0.0,0
vwap_log_ret_3_minus_10,0.0,0
vwap_log_ret_10_lag2,0.0,0
sw_l2_ret_rel_csi1500_mcap_lag2,0.0,0
sw_l2_mom5_rel_csi1500_ew_lag5,0.0,0
sw_l2_mom5_rel_csi1500_mcap_lag3,0.0,0
sw_l2_mom20_rel_csi1500_ew_lag5,0.0,0
sw_l2_mom20_rel_csi1500_mcap_lag5,0.0,0
sw_l2_market_beta_mcap_20d_lag1,0.0,0
first_1m_range_lag3,0.0,0
first_1m_amount_ratio_lag3,0.0,0
first_1m_vwap_ratio_lag3,0.0,0
first_5m_ret_lag2,0.0,0
first_15m_vwap_ratio_lag1,0.0,0
first_30m_ret_lag1,0.0,0
first_30m_ret_lag3,0.0,0
true_range_mean_10_z_lag3,0.0,0
ret_5_rel_csi1500_ew_lag20,0.0,0
ret_5_rel_csi1500_mcap_lag1,0.0,0
ret_5_rel_csi1500_mcap_lag20,0.0,0
ret_20_rel_csi1500_ew_lag2,0.0,0
ret_1_minus_ret_5_avg_lag1,0.0,0
ret_1_minus_ret_5_avg_lag3,0.0,0
vwap_close_z_lag3,0.0,0
vwap_close_z_lag5,0.0,0
vwap_close_z_lag6,0.0,0
vwap_close_z_lag8,0.0,0
sw_l2_ret_1_rank,0.0,0
sw_l2_mom_3_rank,0.0,0
cost_5pct_z_lag3,0.0,0
cost_15pct_z_lag10,0.0,0
first_60m_range_lag1,0.0,0
true_range_mean_10_z_lag5,0.0,0
true_range_mean_10_z_lag10,0.0,0
true_range_mean_20_z_lag1,0.0,0
vol_over_csi1500_mcap_vol_lag5,0.0,0
ret_1_over_mkt_gt5_rate_lag6,0.0,0
ret_std_20_z_lag2,0.0,0
ret_std_20_z_lag10,0.0,0
vol_z_lag1,0.0,0
vol_z_lag2,0.0,0
vol_z_lag10,0.0,0
vol_z_lag20,0.0,0
amount_z_lag1,0.0,0
amount_z_lag2,0.0,0
amount_z_lag9,0.0,0
vol_over_sw_l2_vol_lag2,0.0,0
amount_z_lag20,0.0,0
turnover_f_log_lag3,0.0,0
ret_1_over_mkt_gt5_rate_lag20,0.0,0
ret_1_in_weak_mkt_lag9,0.0,0
ret_vol_confirm_lag1,0.0,0
vol_expand_ret_lag1,0.0,0
csi1500_ew_ret_lag3,0.0,0
csi1500_ew_up_ratio_lag3,0.0,0
csi1500_ew_down_ratio_lag3,0.0,0
sw_l2_vol_z_20_lag2,0.0,0
sw_l2_turnover_z_20_lag1,0.0,0
sw_l2_turnover_z_20_lag2,0.0,0
beta_to_sw_l2_20d_lag1,0.0,0
beta_to_sw_l2_20d_lag10,0.0,0
amount_z_lag10,0.0,0
